a_weakness_overlap,a_role_balance,a_speed_variance,a_bst_efficiency,b_weakness_overlap,b_role_balance,b_speed_variance,b_bst_efficiency,team_a_wins
0,0.5,1.224744871391589,0.8497382822313675,0,0.75,1.0,0.864293421222965,0
1,1.0,1.299038105676658,0.8470550816416234,4,0.75,1.0897247358851685,0.8733521277487659,1
2,1.0,0.8660254037844386,0.8723508375682288,1,0.75,1.0897247358851685,0.8386956633808058,1
0,0.75,0.82915619758885,0.8743288074756499,0,0.75,1.479019945774904,0.8275273975743404,1
1,0.75,1.0897247358851685,0.8342364321177881,0,1.0,0.82915619758885,0.867365020912382,0
2,1.0,0.82915619758885,0.8612476619125556,2,0.75,1.224744871391589,0.8651635714474292,0
1,0.75,1.224744871391589,0.8629229544514586,0,0.75,1.299038105676658,0.8683726164262496,0
2,0.75,0.5,0.8458905736207526,2,0.75,1.299038105676658,0.8337450804243669,0
2,0.5,0.4330127018922193,0.8406236262690245,1,0.75,0.82915619758885,0.8751472283996377,1
1,0.75,1.479019945774904,0.8438118203710515,1,0.75,0.5,0.8589809154793993,1
1,0.75,1.0,0.84892324661494,0,0.25,0.4330127018922193,0.8475381227430703,1
2,0.5,0.82915619758885,0.866333514982798,0,0.75,1.0,0.8854545454545455,0
0,0.5,0.4330127018922193,0.8416715113718443,0,1.0,0.82915619758885,0.8643382494698285,0
0,1.0,1.299038105676658,0.8828684708278772,0,1.0,1.479019945774904,0.8527182947100811,1
3,1.0,0.7071067811865476,0.8660322381160414,2,0.5,1.224744871391589,0.8875332399158686,1
2,1.0,1.299038105676658,0.8755549166750607,2,0.5,0.5,0.8529711846895011,1
2,1.0,1.5811388300841898,0.8336215500034414,2,1.0,0.4330127018922193,0.8816954474097332,1
0,1.0,1.299038105676658,0.8395516303133739,2,1.0,1.299038105676658,0.8653938778981739,0
5,1.0,1.5,0.8642989409319884,3,0.5,0.4330127018922193,0.8420847182608999,1
0,0.75,0.7071067811865476,0.887749338396941,0,1.0,0.7071067811865476,0.8479222922292229,1
1,0.75,1.0897247358851685,0.8589479565772669,4,0.75,0.7071067811865476,0.8665893878120207,1
0,0.5,0.4330127018922193,0.8823003038166972,1,0.75,0.7071067811865476,0.865209158311851,1
0,0.75,0.4330127018922193,0.8784247846017154,1,0.75,0.7071067811865476,0.8750500753493596,0
2,0.75,0.5,0.8284624391615918,1,0.75,0.7071067811865476,0.9011842105263158,1
1,0.75,1.0897247358851685,0.8603772500208221,1,0.75,0.7071067811865476,0.8616458758222889,1
0,1.0,0.82915619758885,0.8449451489533011,1,0.75,1.0,0.8608718939591072,0
4,0.5,0.4330127018922193,0.8896469912815383,0,0.75,1.118033988749895,0.8391505269887354,0
4,0.5,0.4330127018922193,0.8948426212590299,2,0.75,0.7071067811865476,0.8199614877875747,1
3,0.5,0.7071067811865476,0.8463356090678655,5,0.5,1.224744871391589,0.8720582712861029,0
0,0.25,0.5,0.8526777983920841,3,0.75,0.4330127018922193,0.8655449948796723,0
0,0.75,0.82915619758885,0.8838510101010101,3,0.75,0.82915619758885,0.8473859914336105,0
0,0.75,0.82915619758885,0.850940864945756,2,0.75,0.4330127018922193,0.8833364661654135,1
2,1.0,1.118033988749895,0.8638398786499495,0,0.5,1.299038105676658,0.8686804842732678,0
1,0.75,1.224744871391589,0.8645783582250105,0,0.5,0.4330127018922193,0.8622053305024847,1
1,0.75,0.8660254037844386,0.851603509742455,1,0.75,1.0,0.8319281642441345,1
2,0.75,1.0897247358851685,0.8332334574900735,0,0.75,0.0,0.8781283825392476,1
1,0.75,1.118033988749895,0.875424381142694,2,0.75,0.4330127018922193,0.8647438597448143,1
3,1.0,1.6393596310755,0.861656314699793,0,0.75,1.299038105676658,0.8535322993739329,0
1,0.75,0.7071067811865476,0.8687618708452042,1,0.25,0.82915619758885,0.889451192082771,0
0,1.0,0.8660254037844386,0.8779189044038669,1,0.75,0.82915619758885,0.8457713774194666,0
1,0.75,0.82915619758885,0.8179559015519271,2,0.5,1.118033988749895,0.8925842484547557,0
3,0.5,0.8660254037844386,0.8630434291116866,1,0.75,0.7071067811865476,0.876179685369581,1
1,0.75,0.7071067811865476,0.8770177045177046,2,0.75,0.5,0.8613045990265746,1
0,0.75,0.8660254037844386,0.8391062683457287,0,0.75,0.4330127018922193,0.8527672558922559,0
4,0.75,1.5811388300841898,0.8554172225204696,0,1.0,1.6393596310755,0.8307802784217879,1
2,0.75,1.118033988749895,0.8522540947843312,0,0.75,0.82915619758885,0.8297909924541536,1
2,0.5,1.0897247358851685,0.8668543980732593,1,1.0,0.8660254037844386,0.8367275389120049,0
0,1.0,1.224744871391589,0.8726661573720398,3,0.75,0.7071067811865476,0.8515382819794585,1
3,0.5,0.82915619758885,0.8390769725020797,0,1.0,0.8660254037844386,0.8603306474264447,1
2,0.75,0.5,0.8438135514286538,0,0.75,1.0897247358851685,0.8546626872758191,0
0,0.5,0.5,0.8430765166185935,0,0.75,0.82915619758885,0.8566855001158957,1
2,0.5,0.5,0.8624995259445292,1,0.75,1.224744871391589,0.8599164988616016,0
1,0.5,1.7853571071357126,0.8883612203196135,1,0.75,0.8660254037844386,0.8597372735580283,0
2,0.75,0.82915619758885,0.8771194942623515,4,1.0,1.224744871391589,0.8657305027274067,0
2,0.5,0.7071067811865476,0.8235547552822915,1,0.75,0.5,0.8565850811780874,1
1,0.75,1.299038105676658,0.8738061069512604,0,0.75,0.0,0.872549316124061,1
2,0.75,0.4330127018922193,0.853748813840483,0,0.75,0.7071067811865476,0.8757422865000467,1
1,0.75,1.224744871391589,0.8561099210135354,2,0.5,1.118033988749895,0.861268315018315,0
4,0.75,1.118033988749895,0.874715367965368,0,1.0,1.0,0.8649309498075919,1
2,1.0,0.82915619758885,0.8750159269337041,2,0.5,0.4330127018922193,0.8588353898675378,1
1,0.75,0.82915619758885,0.8530266595715101,1,0.75,1.299038105676658,0.858656853856317,1
1,0.5,0.5,0.848148494333826,1,0.75,1.299038105676658,0.8613859433219705,0
2,0.5,1.479019945774904,0.8790800135352649,2,0.75,1.0897247358851685,0.8756844682590457,0
1,0.5,1.224744871391589,0.8711444445802876,1,1.0,1.479019945774904,0.8693177721271159,0
0,0.75,1.224744871391589,0.9016237143465086,0,0.75,1.118033988749895,0.8498042728237792,1
1,0.75,0.4330127018922193,0.8778296557701178,2,1.0,1.118033988749895,0.874051751094434,0
1,0.75,0.82915619758885,0.8570189089716247,1,0.75,0.82915619758885,0.8464624190573393,1
2,1.0,1.0,0.8659092985020095,2,0.75,1.6393596310755,0.8705558575403387,1
0,0.75,0.82915619758885,0.8263024985723086,1,0.75,1.0897247358851685,0.8694370327367994,1
1,0.75,0.82915619758885,0.8539453069363339,2,0.75,0.7071067811865476,0.8597030758512951,1
1,0.75,1.0897247358851685,0.8544965941606948,0,1.0,1.0,0.8747168729613922,1
1,0.5,1.224744871391589,0.8577584647317593,0,0.5,0.4330127018922193,0.8267417505147205,0
2,0.75,0.5,0.8610417999274285,1,0.75,1.0897247358851685,0.8843299620593135,1
1,0.5,0.4330127018922193,0.8737575675431464,3,0.75,1.5811388300841898,0.8582603828038267,0
2,0.75,1.299038105676658,0.8691095612752024,0,0.5,1.299038105676658,0.8481617647058823,1
1,0.75,1.118033988749895,0.8625411606049573,0,0.75,0.8660254037844386,0.8369726110789896,0
0,0.5,0.82915619758885,0.8713843947954117,2,0.75,1.6393596310755,0.8707323232323232,0
1,0.5,0.4330127018922193,0.8571057706571725,3,1.0,1.0897247358851685,0.8699936524121221,0
1,0.75,1.299038105676658,0.8600132036499595,3,0.75,0.82915619758885,0.8325827861832715,0
0,1.0,1.0897247358851685,0.8631107773000022,2,0.75,1.479019945774904,0.8520759619637329,1
1,0.5,0.82915619758885,0.8830579836829837,0,0.75,1.0897247358851685,0.855959907048133,0
1,0.75,1.299038105676658,0.8587429378531073,2,0.75,0.82915619758885,0.8589737839035851,1
1,0.75,1.0,0.8777944845581638,1,0.75,0.4330127018922193,0.8877207209310094,0
1,0.5,1.0897247358851685,0.8727977511195637,1,1.0,1.299038105676658,0.853176755411963,0
3,0.75,1.299038105676658,0.865717105038857,1,0.5,0.4330127018922193,0.8667161016949153,1
0,0.75,0.7071067811865476,0.8652157519899455,2,0.75,0.8660254037844386,0.8952155286349106,0
0,0.5,0.0,0.8822466510056182,4,1.0,1.299038105676658,0.8853607077253665,0
0,0.5,1.224744871391589,0.8753836358887294,3,0.5,0.82915619758885,0.8670061109003684,0
1,0.75,0.82915619758885,0.8682995218225171,1,0.75,0.7071067811865476,0.8425195330183906,1
1,1.0,1.224744871391589,0.8609181297886572,0,0.75,0.5,0.8605584051868411,1
2,0.75,0.8660254037844386,0.841721339718501,1,0.75,0.4330127018922193,0.8723886332308723,1
0,0.75,0.82915619758885,0.8472464665574453,1,0.5,0.4330127018922193,0.8457491914291491,1
1,0.75,0.82915619758885,0.8346684133910104,0,0.5,0.4330127018922193,0.8482478354743817,1
1,0.75,0.82915619758885,0.8566471362273383,0,0.5,0.5,0.8809692028985507,1
1,0.75,0.82915619758885,0.8413718956482115,1,0.5,0.82915619758885,0.8709121230831031,1
2,0.75,1.5,0.8936473759404155,3,0.75,0.4330127018922193,0.8452198881009952,1
1,1.0,1.118033988749895,0.8588306565295,0,0.5,1.224744871391589,0.8919525548197796,0
2,0.75,0.82915619758885,0.8259941204020151,1,1.0,0.4330127018922193,0.8620238095238095,1
0,0.75,1.299038105676658,0.860337032602444,2,0.75,0.4330127018922193,0.8653819444444445,1
1,0.5,0.4330127018922193,0.8609805502468546,1,0.75,1.0,0.8335694231160216,0
1,0.75,0.82915619758885,0.9108437965829608,1,1.0,1.7853571071357126,0.855242434660406,0
1,0.75,1.224744871391589,0.8544322342122068,1,0.75,0.82915619758885,0.8694555057795476,1
0,0.75,0.82915619758885,0.8515823059747527,1,0.5,0.4330127018922193,0.8411400255813936,0
0,1.0,1.299038105676658,0.8833173782441938,0,0.75,1.224744871391589,0.858191750239943,1
1,0.25,0.4330127018922193,0.8740175317393568,0,0.75,0.7071067811865476,0.8859742690735405,0
4,0.75,0.4330127018922193,0.8784211670258731,3,0.75,1.5,0.861540791923472,0
5,0.75,1.118033988749895,0.8616290073714026,2,1.0,0.82915619758885,0.872583138764435,0
0,0.5,1.479019945774904,0.8661461721969204,0,0.5,0.5,0.8449142609607756,1
0,0.5,0.5,0.869790945895748,1,0.75,0.82915619758885,0.8501317416059844,0
0,0.75,1.0897247358851685,0.8606592717522921,3,0.25,0.5,0.8450563832802358,0
2,0.75,1.5811388300841898,0.8801808644115962,0,0.5,0.5,0.8525972930208774,1
0,0.75,1.5,0.8548375262609655,3,0.75,1.5,0.863394660894661,1
2,0.75,0.7071067811865476,0.8834402637729775,0,0.75,0.82915619758885,0.874326786778501,0
1,1.0,0.4330127018922193,0.8692907987181068,0,0.75,0.82915619758885,0.8577158512986571,1
2,0.5,1.6393596310755,0.8813196970273135,0,0.5,0.5,0.8476520971604955,1
3,0.5,1.6393596310755,0.83807662682443,4,0.5,0.4330127018922193,0.8476153366583541,1
1,0.5,1.6393596310755,0.8745047209683321,1,1.0,1.299038105676658,0.8768472253766372,0
1,0.75,0.82915619758885,0.8913307264511644,1,0.75,0.0,0.8396271601525559,0
2,0.5,0.5,0.8117656779310914,4,0.75,1.118033988749895,0.8185653403661659,0
1,0.5,0.82915619758885,0.862841002510551,0,1.0,1.479019945774904,0.8688900619345836,1
1,0.75,0.82915619758885,0.8386230803171593,3,0.75,1.0897247358851685,0.8490315949091933,0
1,0.75,0.82915619758885,0.8878954640747093,1,0.75,0.7071067811865476,0.8388305322128852,0
3,1.0,1.224744871391589,0.8616702741702742,0,0.5,0.4330127018922193,0.8426062886388973,1
2,0.75,0.7071067811865476,0.8742262560165055,1,0.5,0.4330127018922193,0.8334197119449969,0
1,0.75,1.118033988749895,0.8787438526461342,0,0.5,1.118033988749895,0.846780619008358,1
3,0.5,1.299038105676658,0.8993120932796432,5,0.5,1.6393596310755,0.8406059220314217,1
1,0.5,0.5,0.8643051665110488,0,0.75,0.4330127018922193,0.8626081172576063,1
0,0.5,0.7071067811865476,0.8593385790685808,1,0.5,0.82915619758885,0.8729294907950662,0
2,0.5,1.118033988749895,0.8470706673651467,1,0.75,1.299038105676658,0.8474397564420559,1
1,1.0,1.5811388300841898,0.8770558526440879,0,0.5,0.4330127018922193,0.8230583387913445,1
0,0.5,1.299038105676658,0.8222802998168028,0,0.75,0.82915619758885,0.8525039049307666,1
1,0.75,1.0897247358851685,0.8381373111520486,0,1.0,1.5,0.8702466923380622,0
2,1.0,1.299038105676658,0.8247408572094106,1,0.75,0.82915619758885,0.8779654809310539,0
3,0.75,1.299038105676658,0.8642014406358668,5,0.5,0.4330127018922193,0.8645642401160227,1
0,0.75,0.4330127018922193,0.8535115770772581,1,0.5,0.5,0.8733269206741193,1
1,0.75,1.299038105676658,0.820621278042376,0,0.5,1.224744871391589,0.8514755392621338,1
2,0.75,1.6583123951777,0.8585617773967971,2,1.0,1.479019945774904,0.8584047503275389,0
1,1.0,0.5,0.8682454790407078,3,0.75,0.82915619758885,0.8526954300745488,0
2,0.75,0.4330127018922193,0.852068298900595,3,0.5,0.4330127018922193,0.8714249911987326,0
0,0.75,1.5811388300841898,0.8231910734532656,0,0.75,0.4330127018922193,0.8629126915827154,1
3,0.75,0.4330127018922193,0.8343694665366147,4,0.75,1.0897247358851685,0.8558393620893621,1
1,0.75,0.4330127018922193,0.8479194472194473,1,0.75,0.7071067811865476,0.8584268768851683,1
3,1.0,0.82915619758885,0.8650090350890957,3,1.0,0.5,0.856133864885739,0
0,0.75,1.6393596310755,0.8267380764633022,0,0.75,1.7853571071357126,0.8658871506162147,1
1,0.75,0.7071067811865476,0.8740734865254849,2,0.75,0.7071067811865476,0.8701995557255502,0
3,0.5,1.0,0.8635235875068934,1,0.75,0.7071067811865476,0.8940741503642755,1
3,1.0,0.82915619758885,0.8344182781380269,2,1.0,1.118033988749895,0.9056264172335601,0
1,1.0,0.8660254037844386,0.8675251757450295,1,0.5,0.8660254037844386,0.8579488955591472,1
1,0.5,0.4330127018922193,0.8303100374213326,0,0.75,0.4330127018922193,0.8690502619329685,1
1,0.75,1.0,0.8403092006033183,2,0.5,0.4330127018922193,0.8787515371588386,1
0,0.75,1.4142135623730951,0.8769239463527012,2,0.75,1.299038105676658,0.8498456160828174,1
3,0.75,0.7071067811865476,0.8066643185955635,0,0.5,1.224744871391589,0.8786337701217264,0
1,1.0,0.7071067811865476,0.8284756518342479,2,0.75,0.82915619758885,0.8752860675061814,0
3,0.75,1.224744871391589,0.8761973542371919,2,0.75,1.6393596310755,0.8759158891075389,0
4,0.25,0.4330127018922193,0.8792059596144959,2,1.0,1.118033988749895,0.8648219715098294,0
1,0.5,0.82915619758885,0.865403960673911,0,0.5,0.5,0.8348699160877677,0
0,1.0,0.82915619758885,0.8420749209795717,1,1.0,1.224744871391589,0.844690778262433,0
1,0.5,0.5,0.887860962566845,1,1.0,1.299038105676658,0.8562607218395214,0
0,0.75,1.118033988749895,0.8756387616349346,1,1.0,1.118033988749895,0.8613745194268406,0
3,0.75,1.0897247358851685,0.8619150018497965,0,0.75,1.0897247358851685,0.8583431401392566,1
1,0.75,0.82915619758885,0.8596382787071731,1,1.0,0.82915619758885,0.8300757756440834,0
1,0.5,1.224744871391589,0.8472453703703704,3,0.5,1.0,0.8417657167814652,0
5,0.75,0.8660254037844386,0.8828353845046601,1,0.5,1.224744871391589,0.8732399153421355,0
2,0.75,1.299038105676658,0.8399646211088039,0,0.75,1.0897247358851685,0.8538621629946015,1
4,0.5,1.7320508075688772,0.8717458219698384,1,0.75,0.7071067811865476,0.8571138287089654,0
2,1.0,1.479019945774904,0.8754528204243575,2,0.75,0.82915619758885,0.8534611838131239,0
2,0.5,0.4330127018922193,0.8711264630353872,2,1.0,0.82915619758885,0.8748558118899734,0
1,0.75,0.82915619758885,0.8672305434228409,0,0.75,1.5,0.8786661643105752,1
1,0.75,0.5,0.8458503256970811,2,0.5,1.0,0.8941119000791806,0
1,1.0,0.5,0.8577419354838711,1,1.0,1.299038105676658,0.8600355203714767,0
3,0.75,1.0897247358851685,0.8396289462613404,4,0.75,1.0897247358851685,0.8696479885057472,0
1,1.0,0.4330127018922193,0.8701111042492407,0,0.75,1.0897247358851685,0.8682357504022064,1
0,0.75,0.7071067811865476,0.8351302713684876,1,1.0,0.82915619758885,0.8752326315571565,1
0,0.5,0.7071067811865476,0.8457843137254902,0,0.5,1.6393596310755,0.8895857600465928,1
3,0.5,1.0897247358851685,0.8522530213905838,2,0.5,0.82915619758885,0.9009833730789614,0
0,0.75,1.224744871391589,0.8395911801251607,0,0.75,0.82915619758885,0.8466675275482094,0
2,0.75,1.299038105676658,0.8778053160456825,1,0.5,1.224744871391589,0.8849572692748082,0
1,1.0,0.8660254037844386,0.8902874269575515,1,0.5,1.6393596310755,0.8580995100846218,1
0,1.0,1.0,0.865886079633811,1,0.75,0.7071067811865476,0.8427896606293028,1
1,0.75,1.224744871391589,0.8322234277596294,0,0.5,0.4330127018922193,0.8721024664990182,1
0,0.75,1.0,0.8594965872088169,2,1.0,1.6393596310755,0.858647787182034,0
1,0.75,1.299038105676658,0.8846619573670462,3,0.5,0.4330127018922193,0.8233953645017329,0
0,0.75,1.5,0.8725887209996642,1,0.75,1.479019945774904,0.8736692419241924,0
0,0.5,1.299038105676658,0.862531328320802,0,0.5,1.118033988749895,0.8538585920428095,1
0,0.5,0.82915619758885,0.8827035312334911,2,0.75,1.299038105676658,0.8646549528902471,0
0,0.75,0.82915619758885,0.8899470899470899,3,1.0,1.299038105676658,0.8827594733124298,1
3,0.5,0.0,0.8722214205547539,0,1.0,1.299038105676658,0.8399083305011139,0
0,0.25,0.5,0.864019689987432,1,0.75,0.82915619758885,0.846323331783931,1
0,0.75,1.224744871391589,0.8316104785553151,0,1.0,1.299038105676658,0.8709443326402178,0
1,0.75,0.7071067811865476,0.8713056553085808,0,0.75,0.5,0.8743135560675883,1
2,0.75,0.4330127018922193,0.8526576408837819,0,1.0,0.5,0.8524813708592167,0
1,0.5,0.7071067811865476,0.8259621187184552,1,0.5,0.5,0.8297225591267435,0
1,1.0,1.118033988749895,0.8226319493569092,3,0.25,0.4330127018922193,0.8598897193427668,1
1,0.75,0.4330127018922193,0.885014587351036,1,0.5,0.7071067811865476,0.881547619047619,0
1,0.75,0.82915619758885,0.8677467652140218,1,1.0,1.299038105676658,0.85134908647824,0
3,1.0,1.118033988749895,0.8754263441076628,3,0.75,1.6583123951777,0.8361806428514028,0
2,0.75,0.7071067811865476,0.8607104788818183,1,0.75,0.82915619758885,0.8668102073365231,1
2,1.0,1.5,0.8499072356215213,0,1.0,0.7071067811865476,0.8587495626957331,1
2,0.5,0.5,0.8421197983697983,1,1.0,1.118033988749895,0.8458617250823267,0
1,0.75,1.5811388300841898,0.8645768701660828,0,0.75,1.479019945774904,0.8339051137696458,1
2,0.75,1.118033988749895,0.8966012162440734,0,0.75,0.7071067811865476,0.8796065978233513,0
0,0.75,1.299038105676658,0.8751544525230107,3,1.0,0.82915619758885,0.8442185847498807,0
2,0.75,0.82915619758885,0.8707025978407558,2,0.75,0.82915619758885,0.8429527472871126,1
0,0.75,1.6583123951777,0.8725424937905397,1,0.75,1.299038105676658,0.8533318470279586,1
1,0.75,0.8660254037844386,0.8479546517737131,0,0.75,1.5811388300841898,0.8410831574008913,0
1,0.75,0.7071067811865476,0.8182146141663618,2,0.75,1.7320508075688772,0.8792111363025202,1
1,1.0,1.0897247358851685,0.8591078411825024,1,1.0,0.8660254037844386,0.8613532322633257,1
0,0.5,0.7071067811865476,0.8725,1,0.75,1.0897247358851685,0.8772017045454545,0
0,0.75,1.118033988749895,0.8710560053981107,2,0.75,0.82915619758885,0.8781547975965919,1
0,1.0,1.299038105676658,0.8377689794400984,2,0.5,1.5,0.8359311682232575,1
0,0.75,0.0,0.8606351144066662,0,0.75,0.4330127018922193,0.8646212648969043,0
1,0.75,0.8660254037844386,0.8678999684202917,1,1.0,1.0897247358851685,0.8921152390414685,1
3,1.0,0.82915619758885,0.8648105224057572,4,0.75,0.4330127018922193,0.8448424706800093,1
2,0.75,1.0,0.8759072454892889,1,0.75,1.0897247358851685,0.8796092755746475,1
0,0.75,1.7853571071357126,0.8032758537434166,3,0.5,0.4330127018922193,0.8624912186071632,1
0,0.75,0.4330127018922193,0.8541796227197347,0,0.75,0.7071067811865476,0.8514710598043932,1
1,1.0,1.299038105676658,0.8402310924369748,0,0.75,1.6583123951777,0.8885328324619622,1
2,0.5,0.82915619758885,0.8661684074260619,0,0.75,1.0897247358851685,0.8446002635977884,1
0,0.75,0.7071067811865476,0.8540141960523505,5,0.75,1.299038105676658,0.8597954304188113,1
1,0.5,1.299038105676658,0.8199641849067828,0,0.75,1.0897247358851685,0.870164467253177,1
2,0.5,1.118033988749895,0.8901489686783803,0,0.75,1.6393596310755,0.8610695826806355,0
1,0.25,0.4330127018922193,0.8615176750975427,2,0.75,1.299038105676658,0.8722222222222222,0
3,0.75,1.6393596310755,0.8392174754241704,1,0.75,0.7071067811865476,0.8414450233588158,0
3,0.75,1.479019945774904,0.8515873015873017,1,0.75,0.5,0.8668056400892676,1
2,0.75,0.82915619758885,0.8424925584194989,1,0.75,1.299038105676658,0.830961834989214,1
3,0.75,1.0,0.8680662102643069,1,0.75,0.0,0.8733155906593406,1
0,0.5,0.4330127018922193,0.8612573099415205,2,0.75,1.224744871391589,0.8552863784636736,0
1,0.75,1.0,0.8678066265419224,1,0.5,0.82915619758885,0.8614073894184391,1
1,0.75,1.224744871391589,0.8370151460226114,2,0.75,0.4330127018922193,0.876991154728092,1
1,0.75,1.299038105676658,0.8823459452678653,2,1.0,1.224744871391589,0.8728864610665925,0
0,0.5,0.0,0.8522654821380051,0,0.75,0.82915619758885,0.8786032944406315,0
0,0.5,0.0,0.8700501160059984,1,0.75,0.7071067811865476,0.8802715483749967,0
0,0.75,0.7071067811865476,0.8561280041797282,2,0.75,1.299038105676658,0.8493738595491989,1
5,0.75,1.224744871391589,0.8693289898797242,3,0.75,0.5,0.8793716902030009,0
0,1.0,0.7071067811865476,0.8534940223283765,2,1.0,1.479019945774904,0.8564956199631122,1
2,0.75,1.0,0.8657562360105163,2,0.5,1.0897247358851685,0.8917379314485693,0
2,0.75,1.299038105676658,0.8667261302920974,0,1.0,1.6583123951777,0.835939981147235,0
0,1.0,0.4330127018922193,0.8789869696740085,3,0.75,1.0897247358851685,0.8474321711150756,0
2,0.75,1.0897247358851685,0.8703815645514223,2,0.75,0.82915619758885,0.8736904761904761,0
0,0.5,0.7071067811865476,0.8717427564671353,1,0.75,1.299038105676658,0.8794595717089909,0
1,0.75,0.82915619758885,0.8728521478521478,2,0.5,0.8660254037844386,0.868438004895157,0
0,0.75,1.4142135623730951,0.8372373920695155,1,1.0,1.5,0.8510246472535952,1
2,0.75,1.224744871391589,0.819476256005971,0,1.0,1.0897247358851685,0.8699642606812507,1
1,0.75,1.0897247358851685,0.8298200371798503,2,0.75,0.82915619758885,0.8630444187069604,1
3,1.0,1.224744871391589,0.8793551441195036,0,0.75,0.4330127018922193,0.8523264335764336,1
1,0.5,0.82915619758885,0.857098864181731,0,0.75,0.7071067811865476,0.8099643857161041,1
1,0.75,1.224744871391589,0.8654519171304886,0,0.75,0.82915619758885,0.8534351937874303,1
0,0.75,0.4330127018922193,0.8784931724086767,0,0.75,0.82915619758885,0.85650348062954,1
0,1.0,1.0897247358851685,0.8683832820182482,0,0.75,1.0897247358851685,0.8614531172301406,1
1,1.0,1.118033988749895,0.8838592340532723,4,0.5,0.4330127018922193,0.8780128492474129,1
6,0.75,1.299038105676658,0.849243382996956,0,0.75,1.224744871391589,0.8536648557757713,1
2,1.0,1.118033988749895,0.8699504406505685,2,0.75,0.82915619758885,0.8513366288574161,1
1,0.75,1.224744871391589,0.8299412945414413,0,0.75,1.299038105676658,0.8748314681433078,1
2,0.75,0.7071067811865476,0.8483918665925176,0,0.75,1.0897247358851685,0.8685176422652026,0
2,1.0,0.82915619758885,0.9004533577703209,3,1.0,1.0,0.8840486796929627,0
1,0.75,1.118033988749895,0.8700599647753838,1,0.75,1.0897247358851685,0.8480445795339413,1
3,0.75,0.8660254037844386,0.8481658487756049,3,0.75,1.479019945774904,0.8544411746579564,0
1,0.75,0.7071067811865476,0.8707977907954441,1,0.75,1.0,0.83833259566542,0
1,0.75,1.224744871391589,0.8906029447771395,0,0.75,1.5,0.8442467777802066,0
3,1.0,0.7071067811865476,0.850540607309405,3,0.75,0.7071067811865476,0.884192785009263,0
0,1.0,1.5811388300841898,0.8661281872057733,0,0.75,0.82915619758885,0.8565732366392884,0
3,0.5,1.118033988749895,0.8146023678778673,4,0.5,1.118033988749895,0.9133434423596546,1
5,0.5,1.7853571071357126,0.8473031722370183,1,0.5,0.4330127018922193,0.8552717510861794,0
3,0.75,1.5,0.8807750146461134,0,1.0,0.5,0.8358502270886682,0
0,1.0,0.82915619758885,0.8598011363636363,1,0.75,1.0,0.8825360672724375,1
1,0.5,1.6583123951777,0.9015915300546449,3,1.0,1.0,0.8612917822215735,0
1,0.5,1.118033988749895,0.8667371665900043,0,0.5,0.82915619758885,0.862921628880252,0
3,0.75,1.224744871391589,0.8221639726226881,0,0.5,0.4330127018922193,0.8478809043841536,1
2,1.0,1.5,0.8535132505414644,1,1.0,1.299038105676658,0.8501220330237358,1
1,1.0,0.4330127018922193,0.856650877489185,1,0.75,1.0897247358851685,0.8221692178912458,0
0,0.75,1.0897247358851685,0.8708519341038137,1,1.0,1.118033988749895,0.8697418261562998,0
1,0.5,0.7071067811865476,0.8821581732472887,0,0.75,0.82915619758885,0.8446643301710073,1
2,1.0,1.224744871391589,0.8452363597472686,5,1.0,0.82915619758885,0.8603972481779468,0
0,0.75,0.82915619758885,0.8644000110165524,1,0.75,0.7071067811865476,0.8469001956013549,0
1,1.0,1.299038105676658,0.8799716368178963,4,0.75,1.5,0.8690050210367548,0
0,0.5,0.4330127018922193,0.829813687987377,5,1.0,0.5,0.8459482955592408,0
1,0.75,1.224744871391589,0.8546787461977852,0,0.5,1.0,0.8670253947956243,1
0,0.5,0.8660254037844386,0.8418981855334404,2,1.0,1.0,0.847364562260646,0
1,1.0,0.7071067811865476,0.878931494452722,0,0.5,1.299038105676658,0.8760198135198135,1
0,0.75,0.8660254037844386,0.8437820628110438,1,1.0,0.82915619758885,0.851345411663808,1
1,1.0,0.7071067811865476,0.8757386010104782,0,1.0,0.82915619758885,0.8728011571761572,1
4,0.5,0.4330127018922193,0.8795918438528936,0,0.75,0.4330127018922193,0.8729553501180173,0
0,0.75,0.4330127018922193,0.8697947535178455,1,0.5,0.4330127018922193,0.8539895787980354,0
4,0.75,0.4330127018922193,0.854443582546667,0,0.75,0.4330127018922193,0.8827391178375431,1
3,1.0,1.118033988749895,0.8170554074638233,4,0.75,1.5,0.8651857181286509,1
2,0.25,0.4330127018922193,0.8501536840352629,1,0.75,0.4330127018922193,0.8622621006444536,0
5,1.0,1.224744871391589,0.8512312389431033,0,0.5,0.82915619758885,0.8692455858747994,1
1,0.75,0.82915619758885,0.8571367678629636,2,1.0,0.82915619758885,0.8777953002149304,0
2,1.0,1.479019945774904,0.8515756704980844,1,0.5,0.4330127018922193,0.8493635021212785,1
0,1.0,0.82915619758885,0.8341633770187427,1,0.75,0.7071067811865476,0.8499337360362205,1
3,0.5,1.6393596310755,0.8648266405588512,1,0.5,0.0,0.882437216779322,1
1,0.5,1.224744871391589,0.8567877938794274,0,0.75,1.0897247358851685,0.8427508805203683,0
1,0.5,1.118033988749895,0.883738656857923,1,0.75,0.82915619758885,0.8582765644255785,0
3,0.75,1.0897247358851685,0.8756179050567595,0,0.5,1.479019945774904,0.857236759142497,1
0,1.0,1.118033988749895,0.8770100555978573,2,1.0,1.224744871391589,0.8585714285714285,1
1,1.0,1.5811388300841898,0.8679397477381758,0,0.75,1.479019945774904,0.8684805764411028,1
3,0.5,1.224744871391589,0.9006027296134247,1,0.5,0.5,0.8446287762416794,1
3,1.0,1.118033988749895,0.8759581913646841,0,0.5,0.4330127018922193,0.8521723487138633,1
2,1.0,0.82915619758885,0.8725995617323291,5,1.0,0.82915619758885,0.835412201317774,1
4,0.75,1.118033988749895,0.8818464059520492,0,0.75,1.0897247358851685,0.8743409920123342,1
3,0.75,0.8660254037844386,0.8448998490748849,1,0.5,0.5,0.854935728718232,0
0,0.75,0.7071067811865476,0.8371765811587792,1,0.5,0.4330127018922193,0.8337159619615419,1
3,0.5,1.5,0.8497834643449232,2,0.75,1.0897247358851685,0.8615576560817539,1
1,0.5,0.4330127018922193,0.8651925433355787,2,0.5,0.5,0.840611658456486,0
0,1.0,1.118033988749895,0.8885057463793737,1,0.75,0.0,0.8715572452899445,1
2,0.75,1.224744871391589,0.8665005483977347,1,1.0,1.6583123951777,0.8622756152469268,0
0,0.25,0.4330127018922193,0.8527013466491314,0,0.75,1.224744871391589,0.8343819308677511,0
3,1.0,0.82915619758885,0.8279478022487295,2,1.0,0.82915619758885,0.8693870619309215,1
0,0.75,1.0897247358851685,0.8565231421722295,0,0.5,0.5,0.8281632933568577,1
2,0.75,0.82915619758885,0.8479771476318444,1,0.5,0.82915619758885,0.8436591233445967,1
3,0.75,0.82915619758885,0.8724851778656126,3,0.75,1.5,0.853015873015873,0
2,0.75,1.224744871391589,0.8668203016914358,2,0.75,1.118033988749895,0.825200402948272,1
0,0.5,0.4330127018922193,0.8733979709386438,0,1.0,0.82915619758885,0.8472273337166955,0
5,0.5,1.118033988749895,0.8820036424661976,0,0.75,0.7071067811865476,0.8399188265541799,0
0,1.0,1.479019945774904,0.858194350853549,1,0.75,0.5,0.8824090561021157,0
0,0.75,0.82915619758885,0.852832559968377,0,0.75,0.4330127018922193,0.8819707491582491,1
4,1.0,1.299038105676658,0.8513133029797335,2,0.25,0.5,0.8452668128654971,0
2,0.75,1.7320508075688772,0.8353628724216959,0,0.75,1.224744871391589,0.8705054352459451,1
0,1.0,0.7071067811865476,0.8756105006105007,1,0.75,0.7071067811865476,0.8899142227852954,0
3,1.0,1.299038105676658,0.8973895247628829,3,0.75,1.224744871391589,0.8346513485655633,0
0,0.75,1.224744871391589,0.8602438317602252,5,0.75,0.5,0.8523780997428059,0
1,0.5,0.5,0.8794224574628761,2,0.75,0.82915619758885,0.8809919767068483,0
0,1.0,1.118033988749895,0.8586017911952492,3,0.75,0.8660254037844386,0.8700106956429402,0
3,0.5,1.6583123951777,0.8569849328938288,2,0.5,1.0,0.8773970258205432,0
2,1.0,1.224744871391589,0.8752381558090031,0,0.75,1.6583123951777,0.849559331797235,0
1,1.0,0.82915619758885,0.8546257022394598,1,0.75,1.0897247358851685,0.872379426074843,1
0,0.75,0.7071067811865476,0.9019862449497366,3,0.5,0.4330127018922193,0.8437749430109711,1
1,1.0,1.118033988749895,0.8869554455445545,1,0.75,0.82915619758885,0.8757698780000485,0
2,0.5,1.118033988749895,0.8506572933696108,4,0.75,0.4330127018922193,0.8596535982814179,1
2,0.5,1.118033988749895,0.8408913050447844,0,1.0,0.5,0.8581753495546599,1
4,0.5,0.82915619758885,0.8537944501578054,2,0.75,0.7071067811865476,0.8510285615027668,0
3,0.75,0.7071067811865476,0.789348640399556,1,1.0,0.82915619758885,0.8532573624674897,0
3,0.75,0.82915619758885,0.859077380952381,0,1.0,1.479019945774904,0.8517107914428943,1
3,0.75,1.7320508075688772,0.8567893730677058,2,0.75,1.0897247358851685,0.8526112983527436,1
2,0.75,1.6393596310755,0.8536975974948413,0,0.75,1.5,0.8620155509560303,0
1,0.75,0.4330127018922193,0.8584168354475358,0,0.75,1.299038105676658,0.8772228876207177,0
1,0.5,1.118033988749895,0.8479705459770115,0,0.75,0.82915619758885,0.8610886109174377,0
3,0.75,1.6583123951777,0.8641130398199143,0,1.0,1.0897247358851685,0.8424637228838474,1
2,0.75,0.5,0.8462766932578254,1,1.0,1.0897247358851685,0.8497655777374471,0
1,0.5,1.0897247358851685,0.8461452430113195,0,0.75,1.118033988749895,0.865447903127766,0
0,1.0,1.299038105676658,0.8788453574344663,1,0.75,0.7071067811865476,0.8655034155034155,1
5,0.75,0.82915619758885,0.8288105172272557,0,0.75,0.5,0.8831597222222222,1
1,0.75,1.5,0.8493009342662057,2,0.25,0.5,0.8638117283950617,1
0,0.75,1.118033988749895,0.8677311110045212,1,0.5,0.82915619758885,0.8327095248484471,0
4,0.5,0.5,0.8677021919879063,1,0.5,0.82915619758885,0.8872333584290105,0
2,0.75,0.8660254037844386,0.8490488179068664,4,0.75,0.82915619758885,0.8591890964317701,0
2,0.5,0.4330127018922193,0.8796476552606792,1,0.75,1.299038105676658,0.8427354562514662,0
2,0.75,0.82915619758885,0.8588634256863478,3,1.0,1.479019945774904,0.8222482501092018,0
1,0.75,0.82915619758885,0.8707675438596492,3,1.0,1.0897247358851685,0.8572196819031979,1
0,1.0,0.7071067811865476,0.852249963846777,0,0.75,0.7071067811865476,0.8899809414903754,1
1,0.75,1.118033988749895,0.8535444951740158,1,0.75,0.8660254037844386,0.8764887088856161,0
2,0.75,0.4330127018922193,0.8569909520097398,0,0.75,1.479019945774904,0.861905666521928,1
2,1.0,0.5,0.8574286737287344,1,0.75,1.0,0.8486640171941133,0
1,0.5,0.5,0.8730891286133222,2,0.75,1.0897247358851685,0.8632936950642326,0
3,0.75,0.7071067811865476,0.8620092139262887,3,0.75,0.5,0.8543557724021064,1
2,0.5,1.0897247358851685,0.88524113313587,3,0.75,0.82915619758885,0.8588765723440646,1
1,1.0,1.118033988749895,0.8678425033149442,3,0.75,1.299038105676658,0.8601152537413671,1
2,1.0,0.4330127018922193,0.8898135168429548,0,0.75,0.4330127018922193,0.8500658402649492,0
1,0.5,0.7071067811865476,0.8545135351724326,2,0.75,1.118033988749895,0.8246120540139042,0
1,0.5,0.7071067811865476,0.8337565841635857,0,1.0,0.5,0.8539387215674863,0
3,1.0,0.82915619758885,0.8444017340684651,2,1.0,1.0,0.8757442962989584,0
1,1.0,1.299038105676658,0.8915867862296434,2,0.5,0.5,0.8451627264196176,1
1,0.75,0.4330127018922193,0.8548251888570249,1,1.0,1.118033988749895,0.8848302938196555,0
1,0.5,0.7071067811865476,0.8560415956731746,0,1.0,1.118033988749895,0.848878645415281,1
1,0.75,1.6393596310755,0.8575247393890857,5,0.5,0.8660254037844386,0.8633146632915292,0
2,0.75,0.4330127018922193,0.8632798349131288,3,0.75,0.82915619758885,0.8673866474710331,0
1,1.0,1.479019945774904,0.8744689440837041,2,0.75,1.5,0.8598563218390805,1
2,0.75,1.0897247358851685,0.8329852651631675,0,0.75,0.4330127018922193,0.8822535775706936,1
2,0.5,0.4330127018922193,0.8451857791313508,3,0.75,0.82915619758885,0.8645207234179539,0
0,0.5,1.5811388300841898,0.8886125471408723,0,1.0,1.224744871391589,0.8735823170731708,1
1,0.75,1.5,0.8703598950647647,0,0.75,0.82915619758885,0.8732517855239313,1
0,0.5,0.7071067811865476,0.8734014119816265,1,1.0,0.5,0.8322994916485114,0
0,0.75,0.5,0.8541640722291406,1,0.75,1.118033988749895,0.8606310948248713,1
2,0.5,1.5,0.8735456077545176,1,0.75,1.479019945774904,0.8696526571010571,0
1,1.0,1.0897247358851685,0.836361967189035,2,0.75,1.118033988749895,0.8787986693780742,0
1,0.75,0.7071067811865476,0.8803492324022317,0,0.75,0.4330127018922193,0.8515901360544218,0
1,0.5,0.7071067811865476,0.8666691127205092,2,0.75,0.5,0.8680684858364236,0
1,0.75,1.118033988749895,0.8759712256400658,0,0.5,0.0,0.8284261535939677,0
3,0.75,0.82915619758885,0.8964825419549829,3,0.75,1.224744871391589,0.8140477337628889,1
0,0.75,0.82915619758885,0.8677679211161138,3,0.5,0.82915619758885,0.8263172254669405,1
0,0.5,0.4330127018922193,0.8281521165923582,2,0.75,1.7853571071357126,0.8598419493588703,0
0,0.75,1.299038105676658,0.8476993266572214,1,1.0,1.224744871391589,0.8857247631143808,1
2,1.0,0.82915619758885,0.8616429765886287,2,0.75,1.5811388300841898,0.8545472996688852,1
0,0.5,0.5,0.8884480075270819,1,0.5,0.82915619758885,0.8558852587598232,0
1,0.75,0.7071067811865476,0.8635432974322456,1,0.75,0.4330127018922193,0.877115395493642,1
4,1.0,0.7071067811865476,0.8573562424678166,1,0.75,1.4142135623730951,0.8485415718011342,0
2,0.75,0.5,0.8526795924628741,3,0.75,1.299038105676658,0.8338261494252874,1
1,0.5,1.299038105676658,0.8799599606359516,1,0.75,0.7071067811865476,0.8336956974270405,0
2,0.75,1.479019945774904,0.8666745954240109,1,0.75,1.118033988749895,0.8734521280716933,1
2,0.75,1.299038105676658,0.8316231434647862,2,0.75,1.0897247358851685,0.8529809939206519,1
2,0.75,0.4330127018922193,0.8464643493442763,0,0.75,0.5,0.8508492902166428,0
2,0.75,1.224744871391589,0.8559655292682471,3,0.5,0.7071067811865476,0.8690917379796836,1
1,0.75,1.224744871391589,0.8622529562783148,1,0.75,1.118033988749895,0.8707412762222523,1
2,1.0,1.479019945774904,0.851335053224294,1,0.75,1.6583123951777,0.8590602806240546,0
2,0.5,0.82915619758885,0.8315729447855621,1,1.0,1.4142135623730951,0.8889397110990381,0
2,0.75,0.82915619758885,0.8650218710895479,0,0.75,0.8660254037844386,0.883254865034526,1
1,0.75,0.7071067811865476,0.8522868582892352,1,0.5,0.5,0.8668405739313017,0
0,0.75,1.224744871391589,0.8628176291455749,2,0.75,1.6393596310755,0.873594545824445,1
1,0.75,0.82915619758885,0.868754327458113,0,0.5,0.4330127018922193,0.8673611390276835,1
2,0.5,0.4330127018922193,0.8646273650918048,1,0.75,0.4330127018922193,0.8751925293150381,1
0,0.5,0.0,0.8798656839899517,4,0.75,1.0,0.8557895670580352,0
1,0.5,0.5,0.8893829809687973,4,0.75,0.4330127018922193,0.8734983498349835,0
0,0.5,1.224744871391589,0.833904087715563,0,1.0,1.6393596310755,0.8451749589046214,0
1,1.0,1.5,0.8504942410530645,3,0.5,0.4330127018922193,0.8764550982978498,1
0,0.5,0.4330127018922193,0.8771087851950387,4,0.75,0.7071067811865476,0.8645943562610229,0
1,1.0,1.118033988749895,0.8698648449764521,1,0.75,0.4330127018922193,0.8588334211944444,1
2,0.75,1.0,0.8991198402673078,2,0.75,0.4330127018922193,0.8357261710978476,0
1,0.5,0.8660254037844386,0.8595432546884453,0,1.0,1.0,0.8741200372587388,1
1,0.75,1.5,0.8921308703801515,1,1.0,1.224744871391589,0.8450182970595649,1
3,0.5,1.299038105676658,0.8926538357278394,4,0.75,0.82915619758885,0.8551587512695266,0
1,1.0,1.0897247358851685,0.8487696019660124,0,0.5,0.82915619758885,0.8415309331338745,0
1,1.0,0.7071067811865476,0.8710080579035663,0,0.75,0.82915619758885,0.8621873768984987,1
3,0.5,0.82915619758885,0.8792628205128205,1,0.75,0.4330127018922193,0.8566468253968255,1
0,0.75,0.7071067811865476,0.8895985206639199,1,0.75,1.4142135623730951,0.8534341639303845,0
1,1.0,1.7853571071357126,0.8658677087856419,5,0.75,1.0897247358851685,0.8544857279194864,0
1,0.75,1.479019945774904,0.8970164188010368,1,1.0,1.5811388300841898,0.8806117010664796,0
0,1.0,0.82915619758885,0.8883878228236556,0,0.5,1.5,0.844815309911626,1
2,1.0,1.5,0.875268889186415,1,0.75,1.224744871391589,0.8706892321587358,1
0,0.5,0.82915619758885,0.8493974788615951,3,0.75,0.82915619758885,0.8774867511836763,0
0,1.0,1.5811388300841898,0.8283381734006734,2,1.0,1.0,0.8469484565278957,1
4,0.75,1.0897247358851685,0.8670157824939383,2,0.75,0.4330127018922193,0.8573161588579093,0
0,1.0,0.82915619758885,0.8612534451522426,2,0.75,1.0897247358851685,0.8578206040088368,0
2,1.0,0.82915619758885,0.8456222858640312,0,0.5,0.8660254037844386,0.8741954240220114,1
1,0.75,0.82915619758885,0.8681639245070836,2,1.0,1.224744871391589,0.861977995023107,0
1,0.75,0.8660254037844386,0.8670202641489826,2,0.25,0.0,0.8668000360073531,1
1,0.75,1.224744871391589,0.8618293471234648,1,0.75,0.82915619758885,0.8514256125506787,1
1,0.75,1.6583123951777,0.8858302247091215,3,0.75,1.118033988749895,0.8360186179735052,0
0,1.0,0.82915619758885,0.8486008642050187,3,1.0,0.8660254037844386,0.8575728279468763,1
1,1.0,1.479019945774904,0.8686237502237648,1,1.0,1.118033988749895,0.8594492337164751,0
0,0.75,0.7071067811865476,0.8508537526654392,1,0.5,0.82915619758885,0.8792365800487653,0
0,0.75,1.224744871391589,0.8749468046078216,1,0.5,0.82915619758885,0.8694578285231229,0
3,0.5,0.5,0.8410910028230493,1,0.75,1.118033988749895,0.8545157295337318,0
0,0.75,0.82915619758885,0.8590654696222406,0,0.75,1.0897247358851685,0.8730782759992842,0
2,0.5,1.118033988749895,0.8672661813718802,0,0.75,0.7071067811865476,0.8671045429666119,1
0,0.75,0.82915619758885,0.8600862532927733,2,0.5,1.0897247358851685,0.8913189533239039,0
2,0.75,0.4330127018922193,0.8441161445016071,0,0.5,0.4330127018922193,0.876571855018808,1
2,0.75,0.82915619758885,0.8841854331507406,1,1.0,0.82915619758885,0.8414872642497429,0
2,0.75,1.118033988749895,0.847983110717839,1,0.75,0.8660254037844386,0.8799054982817869,0
0,1.0,1.6393596310755,0.8761637939633331,0,1.0,1.5,0.8692027893330118,0
0,0.75,1.0897247358851685,0.8720759815949973,1,1.0,1.224744871391589,0.8877299948809135,1
1,0.75,1.5,0.864743194858639,4,0.75,1.0897247358851685,0.8615096445082098,1
3,0.75,0.5,0.8470066076334476,2,0.75,0.82915619758885,0.8508658499697519,0
1,0.5,0.4330127018922193,0.8584121355397951,5,0.75,1.224744871391589,0.8534896623800544,0
2,0.75,1.0897247358851685,0.8392455582621141,1,0.75,1.0897247358851685,0.8603500739918609,0
1,1.0,1.479019945774904,0.8553921568627451,0,0.75,0.5,0.8549541958344136,1
2,0.75,0.5,0.852479796145377,3,0.75,1.118033988749895,0.851524924440028,0
1,0.75,0.7071067811865476,0.8652364607170099,3,0.75,0.7071067811865476,0.830098376444689,1
2,0.5,0.4330127018922193,0.8463153612210309,2,0.75,0.82915619758885,0.8522072682343509,0
1,0.5,0.82915619758885,0.8215125821195909,1,0.75,0.4330127018922193,0.8774893543275897,1
0,0.75,0.82915619758885,0.8894760071860313,1,1.0,1.6583123951777,0.8734663503629021,0
4,0.5,1.6583123951777,0.8581977246543778,2,0.75,0.8660254037844386,0.8585983187134503,1
0,0.5,0.5,0.8686771790057843,2,0.5,0.4330127018922193,0.8491990757559442,0
0,0.5,0.4330127018922193,0.8603550724637682,1,0.75,0.82915619758885,0.8857056407869067,1
2,1.0,1.5,0.8367676872393854,2,1.0,1.118033988749895,0.8613362586413876,0
3,1.0,0.82915619758885,0.886664794848757,4,0.75,0.7071067811865476,0.8567631980475159,0
3,0.75,1.6393596310755,0.8388360546745641,2,1.0,0.4330127018922193,0.8585939403372946,0
3,0.75,0.4330127018922193,0.8812897196261683,1,0.75,1.299038105676658,0.8543609029604311,1
1,0.75,1.6583123951777,0.8787791697371653,4,0.75,1.224744871391589,0.8376679537686667,0
0,0.75,0.82915619758885,0.8576898326898328,1,0.75,1.5,0.8723057644110276,1
2,0.5,0.0,0.8699720237904561,1,0.5,0.7071067811865476,0.8517608517608517,1
2,0.5,1.224744871391589,0.8403436475804897,0,0.75,0.4330127018922193,0.8486585688445438,0
0,0.75,0.8660254037844386,0.8595658297453806,4,1.0,1.0897247358851685,0.8546415037226333,1
1,0.75,0.82915619758885,0.8492973930078361,0,1.0,1.479019945774904,0.8177033564261824,0
0,0.75,1.5,0.8689955390613285,1,0.75,0.7071067811865476,0.8388848577243221,1
4,1.0,1.224744871391589,0.8806451088955978,0,0.75,1.118033988749895,0.8738449446559906,1
1,0.75,0.5,0.8201955894346107,1,1.0,0.7071067811865476,0.850860918684613,1
2,0.75,0.7071067811865476,0.8618071832419902,0,0.75,0.7071067811865476,0.8698161648374699,0
1,0.75,0.5,0.8649948407209819,3,0.5,1.224744871391589,0.8494169620906511,0
1,0.75,0.7071067811865476,0.8488881030960239,1,0.5,0.5,0.8721246157446612,1
1,0.5,0.4330127018922193,0.8656165200976522,1,1.0,1.0897247358851685,0.861206403659234,0
3,1.0,1.118033988749895,0.882145267013688,1,0.75,1.7853571071357126,0.8555858545125271,0
3,0.5,0.8660254037844386,0.871284904179641,1,1.0,1.479019945774904,0.8609160576265839,1
2,0.75,1.118033988749895,0.8466099736130648,3,0.75,0.0,0.8663046975546976,1
4,0.75,1.4142135623730951,0.8239795089575792,3,0.75,0.82915619758885,0.8815710607300485,1
1,1.0,1.299038105676658,0.859414255866281,0,1.0,1.0,0.858009387717351,1
2,1.0,1.479019945774904,0.8512663204130851,0,0.5,0.82915619758885,0.8109780639646881,1
3,1.0,0.4330127018922193,0.8591073271413828,4,0.5,0.5,0.8419995881078742,1
2,1.0,1.299038105676658,0.8470809038369953,0,0.75,1.299038105676658,0.8618205584274773,0
0,0.75,1.5,0.8678155809986411,2,0.25,0.5,0.8869374578965097,1
0,1.0,1.479019945774904,0.8639637506508824,1,0.75,0.82915619758885,0.8509712559493783,1
0,0.75,1.118033988749895,0.9023613835471065,3,0.75,1.0,0.8739634213572964,0
1,0.75,1.6393596310755,0.8636954276660159,2,0.75,0.4330127018922193,0.8501092286868148,0
2,0.75,1.118033988749895,0.8763083807491702,1,0.75,0.4330127018922193,0.843693667422088,1
0,0.5,1.224744871391589,0.8480122979887028,2,1.0,0.7071067811865476,0.848755961020112,0
2,0.5,1.299038105676658,0.8486979166666667,1,0.75,1.299038105676658,0.863424753077863,1
1,0.75,0.7071067811865476,0.886998249948301,0,1.0,1.479019945774904,0.8707061647747555,0
2,1.0,1.299038105676658,0.8621299051045745,2,0.75,1.118033988749895,0.819468446512315,0
2,0.5,0.8660254037844386,0.8492464659608445,3,0.5,0.4330127018922193,0.861813320820579,1
0,0.75,0.82915619758885,0.8661970899470899,2,0.5,1.118033988749895,0.8356558505915886,0
2,0.75,1.299038105676658,0.890535671800273,1,0.75,1.479019945774904,0.88473182426405,0
3,0.5,0.8660254037844386,0.8507350489812499,4,1.0,1.5811388300841898,0.8504044971781847,0
1,1.0,1.299038105676658,0.857850964842378,0,0.75,1.0897247358851685,0.8448590492718882,0
1,1.0,0.7071067811865476,0.8541631126523946,2,0.5,0.82915619758885,0.8670145836112222,1
2,1.0,1.4142135623730951,0.8496308457906538,0,0.75,1.299038105676658,0.841561140617767,1
0,0.75,1.479019945774904,0.8818279873924975,1,0.75,1.0897247358851685,0.8391743320845058,0
3,0.75,1.118033988749895,0.8566312289182952,1,1.0,1.118033988749895,0.8345954685564485,0
0,0.75,0.5,0.8516571969696969,3,0.75,1.299038105676658,0.857072970045411,0
4,0.75,1.224744871391589,0.8470389999775167,1,0.75,0.82915619758885,0.8598844908585537,1
1,1.0,1.479019945774904,0.8670962517333766,0,1.0,0.7071067811865476,0.8457573194796827,1
0,0.75,1.118033988749895,0.8783076298701299,2,0.75,0.82915619758885,0.8500661375661376,1
1,0.75,1.6393596310755,0.8686700589468106,0,0.75,0.7071067811865476,0.8717236467236468,1
0,0.75,0.4330127018922193,0.8745753634951001,3,1.0,0.82915619758885,0.8662806483404806,0
2,0.5,1.299038105676658,0.8404207335107957,2,0.75,1.479019945774904,0.8630135800389338,1
1,0.75,0.4330127018922193,0.8694355149488766,2,1.0,0.7071067811865476,0.85707060993984,0
2,0.75,0.82915619758885,0.8520331083252973,0,0.75,1.118033988749895,0.8819151199915215,1
0,1.0,0.82915619758885,0.8568978238844104,0,0.75,0.82915619758885,0.8654875629879103,0
1,0.75,1.0897247358851685,0.8878253237634577,1,1.0,0.7071067811865476,0.8444494548661216,1
0,0.75,1.479019945774904,0.8585204600210812,1,0.5,0.7071067811865476,0.8354906708357727,1
0,0.75,0.7071067811865476,0.8977987623460161,2,0.75,0.7071067811865476,0.8503232378601856,0
0,1.0,1.5811388300841898,0.8544687396075823,2,0.5,1.0897247358851685,0.8520051896540994,1
2,0.75,0.5,0.8596866548343476,4,1.0,1.5,0.852393146759344,0
0,0.5,0.4330127018922193,0.853407425907426,1,1.0,1.0,0.8710415313086759,0
2,0.75,1.5,0.8405236730024326,0,0.5,1.0,0.8060735263870353,0
3,1.0,1.0897247358851685,0.859876906784703,1,1.0,1.5811388300841898,0.8723314927136794,1
0,1.0,1.118033988749895,0.861768977952583,0,0.75,1.0,0.8683749657667527,0
1,0.75,0.82915619758885,0.8734054620559133,1,0.75,1.0897247358851685,0.8492315009690958,0
1,0.75,1.5,0.87093283061025,0,0.5,1.5,0.8688620769509466,1
2,1.0,1.0,0.8487062086378538,0,0.5,0.0,0.8499282461304163,1
1,0.75,1.118033988749895,0.8460393772893773,0,0.5,1.7320508075688772,0.8445054945054945,0
0,0.25,0.4330127018922193,0.8472187504315762,1,0.75,1.118033988749895,0.878997899789979,0
0,0.75,0.8660254037844386,0.8835611649855583,2,0.5,0.4330127018922193,0.8605375579007553,0
3,1.0,0.5,0.8649370244409726,1,1.0,1.118033988749895,0.8540685730445063,1
3,0.5,0.4330127018922193,0.8619300877921567,0,0.75,0.82915619758885,0.8598392139101233,0
2,1.0,0.82915619758885,0.8693418217003123,4,0.75,0.82915619758885,0.8554624755981021,0
1,0.75,1.0897247358851685,0.8497053736180611,2,0.75,1.5,0.8437943173199307,0
1,0.75,1.0,0.8142468010494688,0,0.5,0.4330127018922193,0.8542781339008225,0
0,0.25,0.5,0.8669517887298284,0,0.75,1.0,0.8314472886278765,0
0,1.0,1.299038105676658,0.8524545285312249,1,0.75,1.5,0.8392643571502217,1
1,0.75,1.118033988749895,0.8669053044305042,3,0.5,1.5,0.8573114968271742,1
4,0.75,0.4330127018922193,0.819553650372616,1,0.75,0.4330127018922193,0.8714344491025643,1
1,0.75,1.0897247358851685,0.8536562235015843,0,0.75,0.4330127018922193,0.8712360670029267,0
3,1.0,1.224744871391589,0.8601044029462399,1,0.75,0.4330127018922193,0.8621506547698206,1
1,0.75,0.82915619758885,0.8971824592769936,0,0.75,0.82915619758885,0.8551460125836502,0
2,1.0,1.224744871391589,0.8638905022558876,4,0.75,0.7071067811865476,0.8529503379480035,1
0,0.75,0.0,0.8403847571129224,1,0.5,0.4330127018922193,0.8597903818492053,0
4,0.75,0.7071067811865476,0.8770566320975477,1,0.75,1.5,0.8216724326218126,0
1,0.5,1.0897247358851685,0.8872746336727375,3,1.0,0.4330127018922193,0.8352536893760298,0
1,0.5,0.0,0.8698224671521824,1,1.0,1.479019945774904,0.8339500481929327,0
0,0.75,1.299038105676658,0.8334295521023567,3,0.25,0.5,0.8699880366591182,1
2,0.75,0.7071067811865476,0.8821228154561488,1,1.0,1.5,0.8557843743558029,0
2,1.0,1.299038105676658,0.85467876236649,1,0.75,1.0897247358851685,0.8437629374423143,0
1,1.0,1.224744871391589,0.8558734072531243,1,0.5,0.8660254037844386,0.8792623379985057,1
1,1.0,0.4330127018922193,0.873958081256218,2,0.75,0.82915619758885,0.8568528424230234,0
1,0.75,0.82915619758885,0.8528310392682346,1,1.0,1.118033988749895,0.8480373792873793,0
2,0.75,1.299038105676658,0.8667969845722301,0,0.75,1.118033988749895,0.8543024785671844,1
3,0.75,0.7071067811865476,0.8427906623175586,1,0.75,1.118033988749895,0.8600864597662511,0
0,0.75,0.4330127018922193,0.8718160541510229,2,1.0,1.0897247358851685,0.8285237332112332,1
4,0.75,0.82915619758885,0.8606627747252747,1,0.5,0.8660254037844386,0.8562597008977264,0
1,0.75,0.7071067811865476,0.8345786039120917,1,1.0,1.118033988749895,0.8357456140350877,0
2,0.75,1.118033988749895,0.867014746421963,3,1.0,0.5,0.8788897445181559,0
2,1.0,1.0,0.8485912439962783,2,0.75,0.82915619758885,0.8469614170477185,1
2,0.75,0.4330127018922193,0.8506689092890676,3,0.75,1.224744871391589,0.8988431228951997,1
1,0.75,1.0897247358851685,0.8602772718674391,2,1.0,0.8660254037844386,0.8433800504544908,0
2,0.5,0.4330127018922193,0.8588633040935673,0,0.75,0.82915619758885,0.8884192748578372,0
1,0.75,1.5,0.8545635118539932,0,0.75,0.8660254037844386,0.8901611226611228,1
1,0.5,0.0,0.8562033687127316,2,0.75,1.5,0.881984126984127,1
4,1.0,0.82915619758885,0.8598099019490772,1,1.0,1.299038105676658,0.8611848289436057,0
3,0.5,0.7071067811865476,0.8631622539670265,4,0.25,0.4330127018922193,0.9067454291980783,1
1,0.75,1.5,0.8657464585561931,2,0.75,0.82915619758885,0.8706234063633022,0
1,0.5,0.4330127018922193,0.8481692406692406,1,0.5,0.82915619758885,0.9011671004434163,0
1,0.75,1.0897247358851685,0.8803664270968729,2,0.75,1.118033988749895,0.839932922628134,0
0,0.75,0.4330127018922193,0.8617836944401485,2,0.75,1.224744871391589,0.8594000841443297,0
0,1.0,1.0,0.8712156665173907,0,1.0,1.224744871391589,0.8677465159361712,0
1,0.25,0.0,0.8449737623227487,1,0.75,1.224744871391589,0.8467352605753934,0
3,1.0,1.5,0.8445754848270965,0,0.75,1.5,0.8818755831000933,0
2,1.0,0.82915619758885,0.8622432708253605,1,0.5,1.224744871391589,0.8848555847226061,1
2,0.5,0.7071067811865476,0.8448554138801817,1,0.5,1.0897247358851685,0.8597585513078471,1
2,1.0,0.5,0.856907894736842,0,0.75,1.5,0.846529508879398,0
3,0.75,0.5,0.8674699509998568,1,1.0,0.7071067811865476,0.8612831806941332,1
1,1.0,1.0897247358851685,0.8831592817385598,1,0.5,0.82915619758885,0.8891651802421372,0
1,0.75,0.7071067811865476,0.8424094229543561,3,0.75,1.7853571071357126,0.8891664203733807,0
0,1.0,0.5,0.8876443066526538,2,0.75,0.4330127018922193,0.8821192483535931,1
2,0.75,0.82915619758885,0.8678738690940979,0,0.75,1.4142135623730951,0.8630324720788889,0
2,0.75,1.224744871391589,0.869720036907537,0,0.75,1.6583123951777,0.8295039784446565,1
1,1.0,0.7071067811865476,0.8199048699512808,0,0.75,0.8660254037844386,0.8418333333333333,1
0,0.5,1.224744871391589,0.889459548300716,2,0.75,0.82915619758885,0.8858933627855193,1
1,0.75,0.5,0.8795775310369628,2,0.75,0.82915619758885,0.8650936699857752,0
0,0.75,1.5,0.841753343016367,0,0.5,0.8660254037844386,0.8546429327523819,0
0,1.0,1.0,0.861524064171123,5,0.75,0.4330127018922193,0.8454631557752733,1
0,0.5,0.5,0.8654826733464196,3,0.5,1.5,0.8320091307769812,0
2,0.5,1.0897247358851685,0.8387285415733692,0,0.5,0.5,0.9049150491295068,1
0,0.75,0.82915619758885,0.8498718953460332,1,0.75,0.4330127018922193,0.8467103140570122,0
2,0.75,0.4330127018922193,0.860185261007673,3,0.75,0.5,0.8552963685919445,0
1,0.75,0.8660254037844386,0.8655838313733051,1,0.75,1.118033988749895,0.8660004200886768,1
0,0.5,0.7071067811865476,0.8396673157616253,3,0.75,1.0897247358851685,0.844030867222691,0
1,0.75,1.299038105676658,0.863865787694388,2,0.75,0.82915619758885,0.8433320752233628,1
0,0.75,0.4330127018922193,0.8849370208105147,0,0.75,0.8660254037844386,0.8727893621239629,1
0,0.75,0.82915619758885,0.8719180915609488,0,0.75,1.0897247358851685,0.8701508400631207,1
2,0.75,1.299038105676658,0.8606163025889967,4,0.75,1.6583123951777,0.8661880360129532,0
0,0.75,1.118033988749895,0.8729125124626121,2,0.25,0.4330127018922193,0.8463859489205112,1
1,0.75,1.0897247358851685,0.8485702276427104,2,0.5,0.82915619758885,0.8315016063467087,1
0,0.75,1.0897247358851685,0.884268601613833,4,0.75,0.5,0.8266396088466235,1
4,0.5,0.4330127018922193,0.8332921058407827,2,0.5,1.299038105676658,0.8551404640085576,0
2,0.75,0.4330127018922193,0.8494334097275275,0,0.5,0.5,0.8407738095238095,1
0,0.75,1.118033988749895,0.8710445333771906,2,0.75,1.479019945774904,0.8562144317954454,0
2,0.75,0.4330127018922193,0.8652040816326529,4,0.75,1.224744871391589,0.861229668149311,1
1,1.0,1.5,0.8771446902514165,3,0.75,1.4142135623730951,0.848849917824593,1
1,0.75,0.7071067811865476,0.8298180431859812,0,0.75,1.5,0.8645023957523957,1
1,1.0,0.7071067811865476,0.8574831250331949,2,1.0,0.82915619758885,0.8816800345248621,1
2,0.75,1.0897247358851685,0.8632670625074742,4,1.0,0.7071067811865476,0.8250313898014296,0
3,0.75,1.299038105676658,0.8427673601429295,1,0.75,1.0897247358851685,0.876670881508981,0
3,0.75,1.6393596310755,0.876367381583875,0,0.5,0.82915619758885,0.8758197271534942,1
2,0.25,0.4330127018922193,0.8621007922894715,3,1.0,0.82915619758885,0.8610489961077726,0
2,0.75,0.7071067811865476,0.8395793629969892,0,1.0,1.5,0.8467944265436883,0
1,0.5,1.5811388300841898,0.883270331925023,1,0.75,0.5,0.8861441040858439,1
2,1.0,1.0,0.8504633558333352,1,0.75,0.7071067811865476,0.8834204486210259,1
0,0.75,0.4330127018922193,0.8628537964126889,1,0.75,1.4142135623730951,0.8746599404237948,0
0,1.0,1.118033988749895,0.8384415004896933,1,0.75,1.6583123951777,0.8930499968879186,0
3,0.75,0.82915619758885,0.8551507749326146,3,0.75,1.0897247358851685,0.854036994079367,0
2,1.0,0.82915619758885,0.8756038089459794,1,0.75,0.7071067811865476,0.8434049988932202,1
1,0.75,0.5,0.858772460376196,0,1.0,1.224744871391589,0.8446391018095731,1
1,1.0,0.4330127018922193,0.8815433155758499,2,0.75,1.6583123951777,0.8575392843704647,0
0,0.75,0.82915619758885,0.8571811365634473,1,0.75,0.4330127018922193,0.8572275547423691,0
2,1.0,1.118033988749895,0.8513450502152081,1,0.5,0.4330127018922193,0.8453340342121601,1
3,0.75,0.0,0.8736219332816425,1,1.0,1.5811388300841898,0.8613753723932472,0
1,0.5,0.7071067811865476,0.8671917139387597,2,0.5,1.224744871391589,0.8634918773409268,0
0,0.75,0.4330127018922193,0.8725128644939966,0,1.0,1.4142135623730951,0.8731742078651987,0
4,0.75,1.6583123951777,0.8791838459265344,3,0.25,0.0,0.8526913288375579,1
3,0.75,1.118033988749895,0.9020960377771523,1,0.75,1.7320508075688772,0.8698135955413093,1
2,1.0,0.82915619758885,0.8369356972109818,2,0.75,0.5,0.858150165337483,1
2,0.5,0.4330127018922193,0.8521965964670581,2,0.75,0.4330127018922193,0.851744592062681,0
0,0.5,1.299038105676658,0.8792702911123964,2,0.5,0.4330127018922193,0.87658650606469,1
0,0.75,0.5,0.8604502688172043,2,0.75,0.8660254037844386,0.8449728487886382,1
0,0.75,1.5,0.8794903992639185,1,1.0,1.5811388300841898,0.8515953000576748,0
1,0.5,1.224744871391589,0.8636568546964586,1,0.75,1.5811388300841898,0.8505168678432671,0
0,1.0,0.82915619758885,0.8593182112315435,0,1.0,1.118033988749895,0.880921227071043,0
2,1.0,0.82915619758885,0.8596292781859352,1,1.0,0.82915619758885,0.8561799719887955,1
2,1.0,0.82915619758885,0.8689284956342469,2,0.75,0.82915619758885,0.8406250000000001,0
2,1.0,0.82915619758885,0.8541432983851849,0,0.75,1.0897247358851685,0.8602047097080829,0
1,0.5,1.0897247358851685,0.8867867443589601,2,0.5,1.118033988749895,0.8821524292440628,0
1,0.75,1.6583123951777,0.8790754059060696,1,1.0,1.5811388300841898,0.8756368652112008,1
0,0.75,1.118033988749895,0.8706116038433112,2,0.75,0.4330127018922193,0.8401761989875021,0
1,0.75,1.299038105676658,0.8779578224732516,4,0.75,1.0,0.8739817721960579,0
1,0.75,0.82915619758885,0.8591687617850408,3,1.0,1.118033988749895,0.8717971041055719,1
2,0.5,0.4330127018922193,0.8686234302805524,3,1.0,1.224744871391589,0.8795145110934584,0
0,0.75,1.6583123951777,0.8832553758908763,0,0.75,0.82915619758885,0.8631641647735565,1
0,1.0,1.5811388300841898,0.8470737273384592,0,0.5,0.5,0.8793021632587474,1
1,0.75,1.118033988749895,0.8363273326572008,1,0.75,0.7071067811865476,0.8480419927168192,0
0,0.5,0.4330127018922193,0.8436085376416977,0,0.75,1.6393596310755,0.8397780164697458,0
0,0.75,1.224744871391589,0.8627418708583757,0,0.75,1.479019945774904,0.8718803630611145,1
2,0.5,1.118033988749895,0.8795599360254533,2,0.75,1.6583123951777,0.9104124408384042,0
1,0.75,1.224744871391589,0.8873692115206141,1,0.75,0.82915619758885,0.8739983579638751,1
0,0.5,1.0,0.8577740711669284,4,0.75,1.118033988749895,0.8639932144808906,1
1,0.75,0.4330127018922193,0.8666985138935172,1,0.75,1.224744871391589,0.8779343551047674,1
5,0.75,1.0897247358851685,0.8704235570802561,0,0.75,0.7071067811865476,0.8338184695163402,1
0,0.75,1.6583123951777,0.831430451675107,3,0.25,0.5,0.8505384912585724,1
0,0.5,0.7071067811865476,0.8540061215934897,0,0.75,1.7320508075688772,0.8386173597290059,0
1,1.0,0.82915619758885,0.8726820800126253,1,0.75,0.82915619758885,0.8896389483668864,1
1,0.75,0.7071067811865476,0.8717584329028115,5,0.75,1.5,0.8427949864681664,0
1,0.75,1.224744871391589,0.8722372854926941,3,0.25,0.4330127018922193,0.8754942862002457,1
1,0.75,1.0,0.8634399789541849,0,0.75,0.0,0.8853111709612704,1
1,0.75,0.7071067811865476,0.9258069589624468,1,0.75,1.479019945774904,0.8400210084033614,1
3,0.75,1.6583123951777,0.8468503665801663,0,0.75,1.118033988749895,0.8706439247571848,1
2,0.75,1.6393596310755,0.8547795198548652,0,1.0,1.299038105676658,0.8515301917584659,1
5,0.75,0.5,0.8495935134797816,1,0.75,1.0897247358851685,0.8418200038636146,0
3,0.75,0.4330127018922193,0.8610016612619131,1,0.5,0.5,0.8660548494500849,1
1,1.0,1.0,0.864238310708899,2,0.75,1.4142135623730951,0.8369732535401173,1
1,0.75,0.7071067811865476,0.8527788308855446,1,0.5,0.5,0.8634888832150633,1
0,0.75,0.8660254037844386,0.8491450419118959,1,0.75,1.0,0.8418412487077804,0
1,0.75,1.6583123951777,0.872795729755374,1,0.75,1.0897247358851685,0.8781193514088251,1
1,0.75,1.0897247358851685,0.8729941842092932,0,0.75,1.0897247358851685,0.8624370373230854,1
1,0.5,0.5,0.8455700623253816,1,1.0,1.299038105676658,0.8662876008804109,0
0,0.75,0.4330127018922193,0.8380318352059926,1,1.0,1.118033988749895,0.8723085040242995,0
1,0.25,0.5,0.8534591750171461,6,0.75,0.8660254037844386,0.8544081975198816,0
2,0.75,0.7071067811865476,0.8394680500658761,3,0.75,1.0,0.8782457861086894,0
0,0.75,1.7853571071357126,0.8698019212084547,4,0.75,0.82915619758885,0.8857528436475806,0
0,0.75,1.118033988749895,0.844152706185567,0,0.5,1.5,0.8606565767397416,1
0,0.75,1.299038105676658,0.849462470460121,1,0.75,0.0,0.8519999775500634,1
0,0.75,1.479019945774904,0.8779341301246333,2,0.75,0.7071067811865476,0.8624007798289408,1
1,0.75,1.0,0.8414293610420034,0,0.75,0.5,0.8636777864327695,1
3,1.0,0.82915619758885,0.8698109437949937,0,0.75,0.5,0.8621413478120795,1
2,0.75,0.8660254037844386,0.8571867692308623,0,0.75,1.5,0.8894634973194576,0
1,0.75,1.299038105676658,0.8659947633498503,1,1.0,0.8660254037844386,0.8358312121023985,0
4,0.75,0.8660254037844386,0.8329524013722127,2,0.75,1.6583123951777,0.8625007330518414,0
3,0.5,1.0,0.85816514741172,0,0.5,0.82915619758885,0.8839566755083996,1
1,0.5,0.7071067811865476,0.8429462611580115,1,0.75,1.5,0.8655508682633821,0
3,0.75,0.7071067811865476,0.8647667233665669,1,1.0,0.82915619758885,0.8510326443133712,1
0,0.5,0.82915619758885,0.8518950655076429,2,1.0,0.4330127018922193,0.8644685461590134,1
0,0.75,1.5811388300841898,0.8671920289257873,2,0.75,0.0,0.9017223306658891,1
0,0.25,0.4330127018922193,0.8793848332839158,0,0.5,1.299038105676658,0.844700904171672,0
1,0.75,1.118033988749895,0.873469156236358,0,1.0,0.82915619758885,0.8827212807082645,1
1,1.0,1.118033988749895,0.8368452718452719,1,1.0,1.5811388300841898,0.8698640646084312,1
1,0.5,1.299038105676658,0.8296464588191476,1,0.75,1.6393596310755,0.8524034530181386,1
1,0.75,1.299038105676658,0.8705980233060114,3,0.75,1.5,0.8422472513234368,1
0,0.5,0.82915619758885,0.8678771189895298,3,1.0,1.0897247358851685,0.8467547991468183,1
1,0.75,0.5,0.8381193127713986,1,1.0,0.82915619758885,0.8636321195144724,1
5,0.5,0.5,0.8954093320472631,2,1.0,0.82915619758885,0.8563199155620628,0
4,0.75,0.7071067811865476,0.8598077618144031,2,0.75,1.5,0.8579888517991369,0
0,0.5,0.5,0.8674673485066744,5,0.5,0.4330127018922193,0.8390815289879461,0
0,0.75,1.0897247358851685,0.8446095745990704,2,1.0,1.479019945774904,0.8837452827470975,1
1,0.5,0.7071067811865476,0.8374378955462235,2,0.5,0.5,0.8488522055388787,1
1,1.0,1.5811388300841898,0.8356193529273007,2,0.75,0.5,0.8369493973984106,1
0,0.75,0.4330127018922193,0.8794454867902323,3,0.75,0.82915619758885,0.8831667350278075,0
2,0.75,0.7071067811865476,0.8395722072640668,0,0.75,0.7071067811865476,0.8710885324751722,0
0,0.75,0.7071067811865476,0.8691843068588717,0,0.75,1.4142135623730951,0.8267713903743316,0
4,0.75,1.299038105676658,0.8385711420602218,1,0.75,0.5,0.882208151507373,1
2,0.75,0.0,0.8730721199389504,0,0.75,0.82915619758885,0.8653125147775098,1
0,0.25,0.5,0.8669541511276924,2,0.75,0.8660254037844386,0.8665050003380179,0
2,0.75,1.5811388300841898,0.8621218341045928,0,0.5,0.0,0.8652383622022889,1
2,1.0,1.0897247358851685,0.829736404285567,1,0.75,0.5,0.8574733985353528,1
1,1.0,0.82915619758885,0.8330586544962814,0,0.75,0.82915619758885,0.8525033068783068,0
1,0.75,1.0,0.866063951939238,0,0.75,0.5,0.8580587025654657,1
4,0.75,0.82915619758885,0.872764131727051,3,0.5,0.5,0.8686405652449796,1
1,0.5,1.299038105676658,0.8566824265800419,0,0.5,0.0,0.8590992571926764,1
1,0.75,0.7071067811865476,0.8690602505594359,2,0.5,0.4330127018922193,0.8450273757415852,0
1,0.5,0.4330127018922193,0.8635909257765425,1,0.5,1.299038105676658,0.8751348728655068,0
0,1.0,0.82915619758885,0.8637576596404817,1,0.75,0.4330127018922193,0.843766293568511,1
2,0.75,1.299038105676658,0.8525277389094226,1,0.75,1.5,0.9123785310070428,0
3,1.0,1.6583123951777,0.8654370935769352,1,0.75,1.6393596310755,0.8473967176004528,1
0,0.75,0.5,0.8728391332482005,0,1.0,1.479019945774904,0.8640084743631654,0
2,1.0,1.479019945774904,0.8674053326124394,2,0.75,1.299038105676658,0.8551476932195705,1
3,0.5,0.4330127018922193,0.8759683051915463,1,0.5,0.7071067811865476,0.8745068364471349,0
2,1.0,1.6393596310755,0.8507407719377058,3,1.0,1.118033988749895,0.8622744260967876,0
1,0.75,0.7071067811865476,0.8485499754602235,0,1.0,0.4330127018922193,0.8600998732826464,0
0,0.75,0.4330127018922193,0.8653024665381105,2,0.75,1.0897247358851685,0.8547513346700164,1
0,0.75,1.0897247358851685,0.8944387940361329,1,0.5,1.0897247358851685,0.8598585276512105,1
0,0.75,1.0,0.8553437714054425,2,0.5,0.82915619758885,0.8774968906443825,0
1,0.5,0.4330127018922193,0.8384995507637016,1,0.75,0.8660254037844386,0.8602768576452787,0
2,0.5,1.5811388300841898,0.828353145381864,1,0.75,1.0,0.8695011198992091,1
0,0.5,0.0,0.8700936644261887,2,0.75,0.82915619758885,0.866397808980049,0
1,0.5,0.82915619758885,0.8461757073117828,3,0.75,1.299038105676658,0.8560093355134747,0
1,0.5,0.5,0.8686825058970957,1,0.75,0.5,0.8430002366130804,1
1,0.75,0.82915619758885,0.8385896554883636,4,0.75,0.8660254037844386,0.8548426630207024,1
1,0.75,1.0897247358851685,0.8921624713958811,3,0.75,0.82915619758885,0.8585250819827225,0
1,1.0,1.118033988749895,0.8583640010213631,1,0.75,1.5,0.8799663921512662,0
1,1.0,1.479019945774904,0.851312273157721,1,1.0,0.82915619758885,0.8662961509692323,1
2,0.75,1.6583123951777,0.8179290254237288,1,0.5,0.7071067811865476,0.868282334756052,1
2,0.5,0.4330127018922193,0.8649839358172692,1,0.5,0.7071067811865476,0.8493916456405943,0
2,0.5,0.4330127018922193,0.85533581824108,2,1.0,0.82915619758885,0.8411241703320911,0
0,0.75,0.82915619758885,0.8980006105006105,0,1.0,0.4330127018922193,0.8779497677019206,0
1,1.0,1.479019945774904,0.8724897924277175,0,0.75,1.479019945774904,0.8698473174445758,1
2,1.0,1.479019945774904,0.8723281177224069,3,0.75,1.0897247358851685,0.8499616207388874,1
1,0.5,0.4330127018922193,0.8806520314809891,0,0.75,0.8660254037844386,0.834993709607585,0
2,0.75,0.7071067811865476,0.857234232464579,2,0.5,0.8660254037844386,0.8313531262173028,1
4,1.0,0.82915619758885,0.8573942881524046,2,0.75,0.5,0.8636562467930393,1
0,0.75,1.299038105676658,0.8243943752426841,3,0.75,0.82915619758885,0.8621931599624454,1
1,1.0,1.0897247358851685,0.8668732782369146,1,0.75,0.5,0.8605005798420213,1
2,0.75,0.82915619758885,0.8640835880160713,1,0.75,0.4330127018922193,0.8737174699004724,1
1,0.75,0.82915619758885,0.8454439209545525,2,0.75,2.0,0.8346870850972132,0
2,0.75,1.5,0.8766098691698816,0,1.0,0.82915619758885,0.871032091999834,1
1,0.75,1.5811388300841898,0.8290688032575768,1,0.75,0.5,0.8626300733072003,1
2,0.75,0.4330127018922193,0.8783120775222701,1,0.25,0.4330127018922193,0.8705408824204224,1
1,0.75,1.479019945774904,0.8427224047705976,1,0.5,1.224744871391589,0.8801394582061675,1
0,1.0,1.0897247358851685,0.8483236219015908,1,1.0,0.7071067811865476,0.8357909130935446,0
0,1.0,1.224744871391589,0.840960044683449,3,1.0,2.0,0.8547840834446987,0
0,0.5,0.4330127018922193,0.878236346986347,1,1.0,0.82915619758885,0.8473133344191423,0
2,0.75,0.7071067811865476,0.8605316164418106,1,0.75,1.118033988749895,0.8444223081927926,0
2,1.0,0.4330127018922193,0.856584551575345,1,1.0,0.5,0.8560399791031174,0
0,1.0,1.479019945774904,0.836173469387755,3,0.75,0.4330127018922193,0.8688759831909955,0
3,0.75,1.0897247358851685,0.8484461279882556,1,0.5,0.4330127018922193,0.8459800885727238,1
3,0.75,1.0,0.867093836396162,0,0.75,0.82915619758885,0.8706725185383722,1
1,0.5,0.4330127018922193,0.8657680290853517,2,0.75,1.118033988749895,0.8897546897546897,0
3,0.5,0.4330127018922193,0.8520847812809333,3,0.5,1.299038105676658,0.8619014303482586,1
0,0.5,0.4330127018922193,0.8541140648377012,0,0.5,0.7071067811865476,0.8654199802526374,0
2,0.75,1.5811388300841898,0.8276703993455029,3,0.75,0.7071067811865476,0.8666163269165049,0
0,0.75,0.82915619758885,0.8576805111645633,0,0.5,1.6393596310755,0.8536723611367817,1
0,0.75,0.8660254037844386,0.8590300501590824,0,1.0,0.82915619758885,0.8593993390038941,1
5,0.75,0.8660254037844386,0.8360204163302497,1,0.5,0.4330127018922193,0.8449347348054244,0
0,1.0,1.118033988749895,0.8736782821370852,2,1.0,1.224744871391589,0.8523527418502608,1
1,0.75,1.118033988749895,0.8711858960357002,0,0.75,0.4330127018922193,0.8626382876382876,0
4,0.5,0.5,0.8388808872569008,2,0.75,1.0897247358851685,0.8948846621692859,1
1,0.75,1.299038105676658,0.8471323887836726,2,0.75,0.82915619758885,0.8904472173978706,1
1,0.75,0.7071067811865476,0.8475073075092198,1,0.75,0.82915619758885,0.8665010428168323,0
1,0.5,0.4330127018922193,0.8581108868577512,2,0.75,0.8660254037844386,0.8484015868490686,0
1,0.5,1.7853571071357126,0.860943837350487,1,0.75,0.8660254037844386,0.8660168567067308,1
4,0.5,1.479019945774904,0.8427543127524446,1,0.75,1.0897247358851685,0.8604126152490639,0
0,0.75,1.224744871391589,0.8506622883825741,3,0.5,0.82915619758885,0.8808901643876895,1
0,0.75,1.224744871391589,0.8499548942800135,2,0.75,1.224744871391589,0.806798245614035,1
2,0.75,1.118033988749895,0.8419288024650585,0,0.75,1.118033988749895,0.8591892853917076,0
5,0.75,0.4330127018922193,0.8769463155746071,1,0.5,0.5,0.8721691846976196,0
0,1.0,0.82915619758885,0.8546351769147562,0,0.75,1.0897247358851685,0.8622711179479665,1
3,0.75,1.479019945774904,0.8109793783260764,2,0.75,1.5,0.8944160518062231,1
1,1.0,1.5,0.858835135048065,3,1.0,0.5,0.8672137721817997,1
0,0.75,1.224744871391589,0.8545482110369921,2,0.75,0.5,0.8582832333626825,1
2,1.0,0.82915619758885,0.8473448519120121,0,0.75,0.7071067811865476,0.8596762166405024,0
4,1.0,1.118033988749895,0.8315943396226415,3,1.0,0.82915619758885,0.8596052904564315,1
2,0.75,1.299038105676658,0.8610816714870393,1,0.75,1.224744871391589,0.8482468907259052,1
3,0.75,0.8660254037844386,0.827072073440752,0,0.75,1.118033988749895,0.8627198680527706,0
1,0.75,1.224744871391589,0.8716632653061225,0,0.75,1.0,0.8572485708438893,0
4,0.75,0.82915619758885,0.8775133511348465,3,0.75,1.7853571071357126,0.8749704791110514,1
0,0.5,0.0,0.8740526588670229,2,0.5,0.7071067811865476,0.8895512346731859,1
1,0.5,1.7853571071357126,0.8697516737694371,2,0.75,0.5,0.8503109243697479,0
0,0.75,1.5,0.8323157991691026,2,0.75,0.0,0.8648887381743604,1
2,0.5,0.4330127018922193,0.8465134604978355,0,1.0,1.5,0.8611709770114943,0
3,0.75,1.299038105676658,0.8784638707164922,2,0.75,1.0897247358851685,0.8382048622593673,0
1,1.0,0.82915619758885,0.8817781391856025,0,0.75,1.118033988749895,0.8539593773653289,0
0,0.5,1.224744871391589,0.8871233222925289,2,0.75,0.8660254037844386,0.8397478395615074,0
1,0.75,0.7071067811865476,0.8995900312870859,1,0.75,0.82915619758885,0.8544240364427725,0
3,0.75,0.7071067811865476,0.8707763048003689,0,0.75,1.0897247358851685,0.8541357389071929,0
3,0.75,0.82915619758885,0.8430600070547963,0,0.75,1.6393596310755,0.8523821717147084,0
0,0.75,0.5,0.8499177114713882,0,0.5,1.224744871391589,0.8985731878958478,0
1,0.75,1.0897247358851685,0.8423972586646802,2,0.75,0.82915619758885,0.8778973027837402,1
2,0.5,0.5,0.8560453084449411,0,0.75,0.8660254037844386,0.8898696002769478,0
1,0.75,0.7071067811865476,0.8547228506787331,4,0.5,0.7071067811865476,0.835442862705702,0
1,0.5,0.7071067811865476,0.8783475783475784,0,0.75,0.7071067811865476,0.8576351320199589,0
2,1.0,1.224744871391589,0.8529816172687043,0,0.75,0.82915619758885,0.8770512532314263,1
1,1.0,1.118033988749895,0.8318589591774191,0,1.0,1.5,0.866687030075188,0
0,0.75,1.0897247358851685,0.8282159555815313,2,0.5,0.4330127018922193,0.8364603476270103,1
3,0.5,0.4330127018922193,0.8597532964490524,1,0.75,1.224744871391589,0.8659045553503101,1
0,1.0,0.8660254037844386,0.8440756592100003,3,0.75,0.8660254037844386,0.8349971743715499,1
0,0.75,1.224744871391589,0.8539473085627851,1,0.75,0.82915619758885,0.8611391437058572,1
1,1.0,0.5,0.8879032342312152,0,0.75,0.82915619758885,0.8658550379065786,1
0,0.75,1.0897247358851685,0.8723964358010411,2,0.75,1.118033988749895,0.8797517249015447,0
0,0.5,0.8660254037844386,0.8554620589242892,1,0.5,1.0897247358851685,0.8818159803604209,0
0,0.5,1.5811388300841898,0.8831652860290631,1,1.0,1.118033988749895,0.8540037557781202,0
2,1.0,1.0897247358851685,0.8566664470748633,2,1.0,0.7071067811865476,0.8746335897689607,1
0,0.5,0.4330127018922193,0.8626133662365547,2,0.75,0.4330127018922193,0.8744357758470735,0
0,1.0,1.118033988749895,0.8339605622204076,2,0.75,1.224744871391589,0.851052667672473,1
2,0.75,1.6393596310755,0.857652335895627,2,1.0,1.5,0.8521250674011519,1
0,0.75,0.82915619758885,0.8597647319628979,0,0.75,1.0897247358851685,0.8270612973167504,0
0,0.75,0.8660254037844386,0.8375585054751721,1,0.75,0.82915619758885,0.8730749806973948,1
1,1.0,1.0897247358851685,0.8433076633020072,0,0.75,1.479019945774904,0.8061580882352941,1
1,1.0,1.6393596310755,0.8387218045112782,0,1.0,0.82915619758885,0.8690136795988594,1
1,0.75,1.0,0.8524044157758233,3,0.75,1.118033988749895,0.884528983587402,0
2,0.5,0.82915619758885,0.8463870889646047,3,0.75,1.224744871391589,0.8735656122421561,0
1,0.75,1.479019945774904,0.8523720814704422,2,0.5,1.6393596310755,0.8530160142348754,1
1,0.75,1.118033988749895,0.8501656925698194,3,1.0,0.8660254037844386,0.8568263162064403,1
5,1.0,1.0,0.8607337354831436,0,0.5,1.0897247358851685,0.8822605000702346,1
2,0.75,1.224744871391589,0.8314373446983316,1,0.75,0.5,0.8304477833807873,1
1,1.0,1.6393596310755,0.8665115411310186,3,0.75,0.7071067811865476,0.877058195072901,1
0,0.75,1.118033988749895,0.8560894596649294,2,0.25,0.4330127018922193,0.869872224549644,1
0,0.75,1.6393596310755,0.8334793145608509,0,0.25,0.5,0.8319946872410677,1
1,0.5,0.5,0.8763958102620893,0,0.75,1.118033988749895,0.8758933393696785,0
2,0.75,0.8660254037844386,0.8608994702744703,1,1.0,1.0897247358851685,0.8700666385531226,0
1,0.5,0.7071067811865476,0.8948489315323042,1,1.0,0.5,0.8582029478458051,0
4,1.0,1.224744871391589,0.8440874419322695,1,1.0,0.82915619758885,0.867375975126556,1
3,0.75,1.224744871391589,0.8737883414267262,0,1.0,1.118033988749895,0.8525713704285132,0
1,0.75,0.7071067811865476,0.8673995510662177,3,0.75,0.8660254037844386,0.8478540643818814,0
0,0.25,0.5,0.8427118933697881,0,1.0,0.82915619758885,0.853759147331258,0
2,1.0,1.0897247358851685,0.8659257724227702,1,0.75,1.0897247358851685,0.8634139287694169,0
0,0.75,0.82915619758885,0.8354294729502831,0,0.75,0.4330127018922193,0.8822787677438839,0
1,0.75,1.6583123951777,0.850537133531653,0,1.0,1.299038105676658,0.8371021088376565,1
3,0.5,0.82915619758885,0.8885978685643238,3,0.75,0.5,0.8699219284755718,1
1,0.5,1.299038105676658,0.8438854347214619,0,0.75,1.299038105676658,0.8813622468406723,0
0,0.75,0.7071067811865476,0.8072422712423742,1,0.5,0.4330127018922193,0.8371066603393554,1
1,0.75,0.7071067811865476,0.8541165970045281,2,0.75,1.479019945774904,0.8510531136180274,0
2,0.75,0.4330127018922193,0.867771004865975,1,0.75,0.82915619758885,0.8638435365153256,0
0,0.75,0.82915619758885,0.8748356969906607,1,0.75,1.224744871391589,0.8697294372294372,0
0,0.75,0.82915619758885,0.8164223351013897,0,0.75,0.8660254037844386,0.8490950902099971,0
4,0.75,1.224744871391589,0.8348180574050619,3,1.0,1.0897247358851685,0.8554010173673556,1
3,0.75,0.7071067811865476,0.8686016915183582,1,0.75,1.0897247358851685,0.8679733641830416,1
2,0.75,0.82915619758885,0.8760963406187102,0,1.0,0.82915619758885,0.8652234050671551,0
0,1.0,1.118033988749895,0.8438079513079513,2,0.5,0.4330127018922193,0.8559781536387788,1
3,0.75,1.299038105676658,0.8841540404040404,0,0.5,1.6393596310755,0.8941630633703805,1
0,0.75,0.7071067811865476,0.8767810760667905,1,0.5,1.118033988749895,0.887702380952381,0
1,1.0,1.224744871391589,0.8544858162559581,2,0.75,0.8660254037844386,0.8698106706555669,0
1,1.0,0.82915619758885,0.8786451042785681,2,1.0,1.5811388300841898,0.8812956044801701,0
0,1.0,0.82915619758885,0.8755196494834698,3,0.75,1.0897247358851685,0.8733139896954077,1
0,1.0,0.4330127018922193,0.8592774243178425,1,0.75,1.224744871391589,0.8467268310337317,0
4,1.0,1.0897247358851685,0.8535116287907577,0,0.75,1.7853571071357126,0.8821694332247609,0
1,1.0,1.118033988749895,0.85873465583559,0,0.75,0.4330127018922193,0.8681396484747287,1
3,0.75,1.299038105676658,0.8648204156332135,1,0.75,0.7071067811865476,0.8771950705141812,1
0,0.75,0.82915619758885,0.8590244449376276,0,0.75,1.4142135623730951,0.8983189973147511,0
0,0.75,1.0897247358851685,0.8319488900951346,1,1.0,1.0,0.8524871794871794,1
1,0.75,1.479019945774904,0.8487251792072896,3,0.75,1.6393596310755,0.8077223710076002,1
0,0.75,1.299038105676658,0.8583313805252861,2,0.75,1.224744871391589,0.8623985077902129,0
1,0.75,0.82915619758885,0.8546322489391796,2,0.75,0.7071067811865476,0.8710329120798184,0
2,0.75,0.82915619758885,0.8779433598605195,1,1.0,1.299038105676658,0.858304475956117,0
2,0.75,1.0897247358851685,0.8393259935553168,0,0.75,0.7071067811865476,0.8435038670121631,0
3,0.75,1.0897247358851685,0.8525994445805767,1,0.75,1.6393596310755,0.8837146259933844,1
2,1.0,0.5,0.8332263879546749,2,0.5,0.5,0.8139662621221377,0
2,1.0,1.479019945774904,0.8730198748334728,4,0.75,0.4330127018922193,0.8664206819748328,1
1,0.75,1.224744871391589,0.876930951258491,3,1.0,1.0897247358851685,0.8818029203324416,0
0,0.5,1.6393596310755,0.8709615566346889,1,0.75,1.0897247358851685,0.8497076410981501,0
2,1.0,1.224744871391589,0.873871834325497,2,0.75,0.0,0.8673949557099927,0
0,0.75,1.0,0.8694660285285285,0,1.0,0.8660254037844386,0.9091520757721718,0
1,1.0,0.82915619758885,0.8539973774163131,2,0.75,0.7071067811865476,0.846881602050209,0
3,0.75,1.5811388300841898,0.8184902845979197,1,1.0,0.82915619758885,0.8710385227433726,1
0,0.75,0.82915619758885,0.8716080586080586,2,0.75,0.7071067811865476,0.8405280630770827,1
1,0.75,1.0,0.8690504229822908,2,1.0,0.82915619758885,0.8679016489811188,1
0,0.75,1.7853571071357126,0.8305261813537677,2,0.75,0.7071067811865476,0.8534469349103864,0
0,0.75,0.82915619758885,0.8818213837259041,0,0.5,0.82915619758885,0.8623914795516737,1
2,0.75,1.0897247358851685,0.8557269016218026,1,0.75,0.82915619758885,0.8735340905137928,0
1,0.75,1.224744871391589,0.8515489718614719,4,1.0,1.4142135623730951,0.8646414967539496,0
1,0.5,0.0,0.8552630171565482,2,0.75,1.0,0.8645594293234997,0
0,1.0,1.479019945774904,0.8420719582838765,1,0.25,0.4330127018922193,0.8451342082671197,1
2,0.75,1.0897247358851685,0.8310835362583253,1,0.5,1.0897247358851685,0.8345117475745112,1
0,0.75,0.7071067811865476,0.8925845302835318,0,1.0,1.479019945774904,0.8525619495447081,0
3,0.75,0.82915619758885,0.8454074336811169,2,0.75,0.0,0.8664082835531005,1
1,0.75,1.224744871391589,0.837561754025834,2,0.75,1.0897247358851685,0.8842874165462179,0
4,0.75,0.4330127018922193,0.8723163623420611,0,0.75,1.6393596310755,0.8710204228758535,0
1,1.0,1.5811388300841898,0.8842733624693382,2,0.75,1.224744871391589,0.8952780566190166,1
2,0.25,0.4330127018922193,0.8736784472023017,1,0.75,1.118033988749895,0.8576055941406582,0
1,0.75,1.0897247358851685,0.8568187531422825,0,0.5,0.82915619758885,0.8888333802420489,1
1,1.0,1.299038105676658,0.8363827349121467,4,0.75,1.0897247358851685,0.8587962962962964,0
0,0.75,0.82915619758885,0.8633277198080395,0,1.0,1.0897247358851685,0.8672222222222222,0
1,0.75,1.224744871391589,0.8715448531193718,0,0.75,1.5811388300841898,0.8716859814042855,0
4,0.75,0.7071067811865476,0.8732317897412237,1,0.75,1.118033988749895,0.8108968911327493,0
3,0.75,1.0897247358851685,0.8769036144858555,1,1.0,1.6393596310755,0.8486236107442842,0
0,1.0,1.118033988749895,0.8291092608315324,3,1.0,1.5,0.8842830139389997,0
3,1.0,0.82915619758885,0.8571285332314744,0,0.75,0.8660254037844386,0.8855234986332547,1
1,0.75,1.0897247358851685,0.8561009983645516,0,0.5,0.4330127018922193,0.882421805688315,1
0,0.75,0.7071067811865476,0.8761163372231484,1,0.75,1.299038105676658,0.8575625267787774,0
1,0.75,1.0897247358851685,0.8607174664018159,0,0.75,1.299038105676658,0.8543193963617273,0
1,0.75,1.5,0.8780562509665946,2,0.75,1.6583123951777,0.8645821256598728,0
1,0.5,1.6393596310755,0.846541127790338,1,0.5,0.5,0.8769244716640955,0
1,0.75,0.4330127018922193,0.8507633366890095,2,0.75,0.8660254037844386,0.840113741667414,0
0,0.5,0.7071067811865476,0.8443283004258615,3,1.0,1.5,0.8800838940525745,0
3,0.75,0.5,0.8640315598223798,1,0.75,0.7071067811865476,0.8533950118508943,0
0,1.0,1.299038105676658,0.8386425108599131,0,1.0,1.118033988749895,0.8467049329454958,0
0,0.75,0.8660254037844386,0.8659632895439417,0,1.0,1.299038105676658,0.8689687100893997,0
3,0.75,0.8660254037844386,0.8573576960718872,1,0.75,1.299038105676658,0.8507760050306372,0
4,0.75,0.82915619758885,0.8356826096804377,1,1.0,1.0897247358851685,0.8264142265952084,1
0,0.75,1.7853571071357126,0.8558909348824187,5,0.75,1.0897247358851685,0.8827589161543198,0
1,1.0,0.4330127018922193,0.8619100961264539,1,0.75,1.5,0.8534354581475283,0
3,0.75,0.82915619758885,0.8540306035292711,1,0.5,1.5,0.9021337843803539,1
0,0.5,0.0,0.8705050111690968,1,0.5,0.82915619758885,0.8520436860473009,0
3,0.75,0.4330127018922193,0.851911305521394,1,0.75,0.4330127018922193,0.8717638447079237,1
2,0.75,1.6393596310755,0.9025107218028454,2,0.75,0.5,0.8687859133195459,0
1,0.5,1.118033988749895,0.8649104683195592,0,1.0,1.4142135623730951,0.8643977732793523,0
0,0.75,0.4330127018922193,0.8616343226788432,0,0.75,0.82915619758885,0.8643413310449157,0
2,0.75,0.7071067811865476,0.8420519157975436,2,0.75,1.4142135623730951,0.8585433747085578,1
0,0.75,0.5,0.8922277071559928,0,0.5,0.4330127018922193,0.8294595522429596,1
0,1.0,0.82915619758885,0.8749833907922143,1,0.5,1.6583123951777,0.8668754298153497,0
2,1.0,0.5,0.8552508387877863,2,0.75,0.5,0.8853703703703705,1
1,0.5,0.4330127018922193,0.8808640411857057,1,0.75,0.5,0.8573533837460801,0
1,0.75,0.4330127018922193,0.8357633228840126,1,0.75,1.299038105676658,0.8536014382836628,0
2,1.0,1.224744871391589,0.8610367396697445,1,0.75,0.8660254037844386,0.8528377402012357,1
1,0.75,0.5,0.8587251040239952,0,0.5,0.8660254037844386,0.8961824747305096,1
1,0.5,1.0,0.8522179574135733,1,0.75,1.224744871391589,0.847208538587849,0
3,0.75,1.224744871391589,0.841188671787661,1,0.5,1.6583123951777,0.8846110100090991,0
0,0.5,1.224744871391589,0.8585579973195757,4,0.75,0.82915619758885,0.8399478231795305,0
1,1.0,1.118033988749895,0.8572350381497378,0,0.5,0.0,0.8634976397222799,1
0,1.0,1.6583123951777,0.8574929971988796,0,0.5,1.479019945774904,0.8598560744144457,0
0,0.75,1.5,0.8894508751144556,2,0.75,0.4330127018922193,0.8574736173616286,1
2,0.75,1.0897247358851685,0.8982000193186026,0,0.75,0.4330127018922193,0.8836384638257966,0
3,0.75,1.224744871391589,0.8890298742138364,2,1.0,1.0,0.8754592593186512,1
0,0.5,0.5,0.870955710955711,1,0.75,1.224744871391589,0.8377548510107553,1
3,0.5,0.82915619758885,0.8559169067224466,1,0.5,0.4330127018922193,0.8635173066702099,0
3,0.75,1.6393596310755,0.8799308349697661,3,0.5,0.4330127018922193,0.8745387277201488,1
0,0.5,0.8660254037844386,0.8538884512319774,0,0.75,0.5,0.8457825776374164,1
2,1.0,1.118033988749895,0.8466015134548169,1,0.25,0.5,0.868590175344065,1
0,0.75,1.479019945774904,0.8964738964738964,4,0.75,1.7320508075688772,0.8998828512732031,1
0,0.5,1.5,0.7812498295284074,1,0.75,0.8660254037844386,0.8957077126994992,0
0,0.75,1.0897247358851685,0.8726374570446735,1,0.5,0.82915619758885,0.8255985413033138,1
2,0.75,1.7853571071357126,0.8586605391420965,0,0.75,0.8660254037844386,0.8960577423721754,0
1,0.5,0.4330127018922193,0.8449257110659345,1,0.5,1.299038105676658,0.8698416816567502,0
2,0.75,0.7071067811865476,0.863943751072225,1,0.75,0.7071067811865476,0.8595545977011494,1
1,0.5,0.4330127018922193,0.8948611111111111,1,0.75,1.299038105676658,0.8162114845938376,0
0,0.5,0.0,0.8950530642369948,0,1.0,0.82915619758885,0.8470204322783115,1
0,0.75,0.4330127018922193,0.8346838973731547,0,1.0,0.82915619758885,0.8653966947400039,0
1,0.5,1.479019945774904,0.8345767262113394,0,0.5,1.224744871391589,0.8702157277895404,1
4,0.75,0.7071067811865476,0.8602918762028932,1,1.0,0.82915619758885,0.8753492647058824,1
2,1.0,0.7071067811865476,0.8689932343384595,1,0.75,0.8660254037844386,0.8665909090909091,0
3,0.75,0.7071067811865476,0.8146674030436917,1,0.75,0.5,0.8325153344556027,0
2,1.0,1.299038105676658,0.8304417298149643,0,1.0,0.7071067811865476,0.8707344036806599,1
1,0.5,0.82915619758885,0.906825477018376,1,1.0,1.0,0.8564698130147361,1
0,0.75,1.479019945774904,0.8997108477011494,2,1.0,1.479019945774904,0.8786924481346139,1
2,0.75,0.7071067811865476,0.8499842437792884,1,1.0,0.82915619758885,0.8597434799162383,0
2,0.75,0.7071067811865476,0.8641526471561812,1,0.75,0.5,0.859957631472742,1
2,0.75,0.7071067811865476,0.8403784692913228,1,0.75,1.7853571071357126,0.8550224944089042,0
1,0.75,0.8660254037844386,0.8588205390374928,3,1.0,1.299038105676658,0.8333405988375193,0
0,0.75,0.4330127018922193,0.8563848107749992,1,1.0,1.118033988749895,0.8539661319073084,0
2,0.5,1.6393596310755,0.8356015651607547,3,0.5,1.118033988749895,0.8854058441558441,1
0,0.5,0.82915619758885,0.8712124382729607,0,0.75,1.224744871391589,0.8727091659381375,1
2,0.75,0.82915619758885,0.8467537426300312,0,0.75,1.4142135623730951,0.8518127705627705,0
0,1.0,1.5,0.8569572829131652,2,0.75,0.7071067811865476,0.8593696512623021,1
0,1.0,1.7853571071357126,0.866210960673469,1,1.0,1.5811388300841898,0.8567016562158408,0
1,0.75,1.299038105676658,0.8831663862378752,1,1.0,0.5,0.8568566727451844,0
1,1.0,1.6583123951777,0.8646547386877055,0,0.75,0.82915619758885,0.8283621480508597,1
1,0.5,0.7071067811865476,0.8543180410096729,2,1.0,1.299038105676658,0.8531831885296491,0
2,0.5,1.118033988749895,0.8472732843137255,4,1.0,1.0897247358851685,0.8306769426346735,0
0,0.75,1.0897247358851685,0.8295889101338432,0,1.0,1.0897247358851685,0.8758715562331916,1
1,0.75,0.4330127018922193,0.8518026657803914,2,0.75,0.82915619758885,0.8721474377022268,0
0,0.75,1.5811388300841898,0.8428127585790606,4,0.75,1.0897247358851685,0.8767870537689241,1
3,0.75,1.5,0.8723298244334003,0,0.75,0.0,0.8940824915824916,1
1,0.75,0.4330127018922193,0.8771676042344898,3,0.5,0.4330127018922193,0.8613676453398791,1
3,0.75,1.0,0.8439291648862935,2,0.75,0.82915619758885,0.8624493298047335,1
0,1.0,1.118033988749895,0.8501138295288976,0,0.5,0.7071067811865476,0.8305214555441567,1
1,1.0,1.224744871391589,0.8343936241293143,0,0.5,0.4330127018922193,0.8667134577044364,1
0,0.75,1.118033988749895,0.8546511627906976,1,1.0,0.5,0.8682642026714401,1
1,0.75,0.82915619758885,0.8172799525026254,1,1.0,0.82915619758885,0.8463876284358212,1
2,0.5,1.0897247358851685,0.8522617454653583,1,0.5,0.5,0.8706799450549452,1
1,0.75,1.224744871391589,0.8674142845544015,3,0.75,1.118033988749895,0.8460387768100118,1
1,0.75,0.8660254037844386,0.8640592500397755,1,0.5,0.7071067811865476,0.8640921251593908,0
1,0.5,0.82915619758885,0.8537013308183492,1,0.75,1.5,0.8579449569899534,0
1,1.0,0.7071067811865476,0.868370715352523,1,0.75,0.82915619758885,0.8616338590860624,0
2,0.75,0.82915619758885,0.8656661488488369,3,1.0,0.82915619758885,0.8675796232169282,1
4,1.0,0.7071067811865476,0.8594784382284382,2,0.75,0.8660254037844386,0.8638482837182044,1
3,0.75,1.224744871391589,0.8623416673519386,1,1.0,0.7071067811865476,0.8253526645768025,1
1,0.75,0.7071067811865476,0.8802434493694782,3,1.0,0.82915619758885,0.8648262641613705,0
3,1.0,0.8660254037844386,0.8647403806395035,1,0.75,0.5,0.9134803921568628,1
0,0.75,0.82915619758885,0.8488358520298677,0,1.0,0.5,0.8529512342992964,0
1,0.75,0.82915619758885,0.8358850350105845,3,0.5,1.118033988749895,0.8556327470557323,1
2,0.5,0.7071067811865476,0.8719097267646375,2,0.75,0.5,0.8575725620263438,1
1,0.5,1.118033988749895,0.875921747825269,1,0.75,1.118033988749895,0.8710211598746082,0
1,0.75,0.82915619758885,0.8664007606573697,2,0.75,1.5811388300841898,0.8808340755604241,0
0,0.75,0.82915619758885,0.8521367372800374,3,1.0,1.299038105676658,0.8729739666638504,1
2,1.0,0.82915619758885,0.8548208973923728,0,0.75,0.5,0.8868809737156511,1
0,0.75,0.82915619758885,0.8714411027568922,0,0.75,1.0897247358851685,0.8148455975361601,1
2,0.75,0.82915619758885,0.8625788329995705,3,1.0,0.82915619758885,0.8936649659863944,0
3,1.0,0.7071067811865476,0.8454895575724729,1,0.5,0.4330127018922193,0.8666933527413877,1
3,0.75,1.0,0.872658368751265,1,0.5,1.6393596310755,0.8632753051660582,1
3,0.75,0.4330127018922193,0.8351824660435283,1,0.5,1.224744871391589,0.8853112832884222,0
0,0.5,1.5,0.813459051724138,2,1.0,0.82915619758885,0.8574029413155531,0
0,0.75,0.7071067811865476,0.8671192971250916,0,0.75,1.5,0.8720046094486024,0
2,0.75,0.5,0.8640848214285715,2,1.0,1.118033988749895,0.8318613420711508,1
0,0.5,0.4330127018922193,0.8594983590790595,2,0.75,1.118033988749895,0.8680964889053853,0
0,1.0,0.82915619758885,0.8262774027511938,0,0.75,1.5,0.8331360946745563,0
0,0.5,1.299038105676658,0.8983411397345824,0,1.0,1.5,0.8522238613406103,0
